id,label
0,1
3,1
6,1
8,0
9,0
11,2
13,4
18,0
20,0
24,2
30,0
31,2
32,3
33,3
36,2
38,3
40,0
41,1
43,2
44,2
46,0
48,3
53,0
54,4
55,1
56,3
58,0
59,0
62,3
68,0
69,0
71,4
75,0
77,3
78,0
79,3
81,2
82,3
86,2
87,3
90,3
91,4
92,4
93,0
94,2
95,2
97,0
98,3
99,3
101,4
103,0
106,1
107,1
108,2
110,0
112,2
113,4
114,4
115,2
116,1
119,3
120,0
122,0
123,2
132,1
133,3
134,2
137,0
140,1
141,1
142,0
144,2
145,0
146,1
147,3
152,0
153,0
155,1
156,1
159,2
162,3
167,0
169,0
170,0
172,1
173,3
174,4
177,3
178,3
180,0
185,4
188,3
189,1
190,4
194,3
195,0
196,1
197,4
198,0
199,0
203,2
204,3
205,1
206,3
208,1
210,0
211,3
212,0
213,2
214,1
215,2
217,1
218,0
219,1
220,2
221,0
222,1
224,0
225,3
226,4
229,0
230,1
233,2
234,2
239,2
241,1
243,1
244,3
249,4
250,2
251,1
252,2
253,2
254,0
257,3
259,0
262,2
265,0
266,2
268,0
269,0
270,3
271,3
272,0
274,4
276,1
277,4
280,1
281,2
282,3
284,3
285,3
286,4
288,0
296,1
297,3
299,3
303,1
308,3
309,1
313,3
318,0
319,3
320,1
321,0
325,0
328,0
331,3
335,2
337,0
339,4
343,4
345,1
346,0
347,4
348,0
350,4
352,3
355,2
356,1
358,2
361,0
366,1
369,2
370,4
372,0
373,1
374,4
375,3
376,4
377,4
378,3
379,3
380,2
381,0
382,0
383,2
386,3
388,3
389,2
390,2
393,3
394,4
395,2
397,4
398,1
400,2
402,0
404,1
405,4
407,2
409,3
419,1
422,2
423,0
424,3
426,1
427,2
428,0
429,0
430,2
431,2
432,0
434,0
435,0
437,3
441,3
443,2
448,3
449,4
451,1
452,0
453,0
455,4
457,2
458,3
459,2
461,2
462,4
463,1
465,1
466,1
468,1
469,3
470,2
471,1
474,0
475,2
476,4
479,1
480,3
481,1
482,1
485,3
488,2
494,4
497,1
499,3
501,0
502,2
503,3
505,0
508,1
509,1
512,1
516,3
517,1
519,1
520,1
521,3
522,1
523,0
524,1
528,4
530,1
531,3
533,0
535,1
536,4
539,4
540,4
541,2
545,4
549,3
552,2
555,4
557,1
558,4
559,1
560,2
561,1
563,4
564,0
565,0
567,2
568,0
570,1
573,0
574,3
575,3
579,2
580,0
585,3
588,2
589,0
590,3
592,1
593,4
594,2
595,3
597,1
598,0
599,0
600,2
601,4
603,4
605,2
606,3
607,1
609,3
611,2
612,4
613,4
614,2
615,3
617,1
620,3
626,3
629,2
630,1
631,1
632,0
634,4
635,1
639,1
640,1
641,1
643,2
645,3
646,0
647,1
650,4
653,2
655,4
656,1
658,2
661,2
662,2
663,1
664,3
665,1
667,0
668,1
670,1
671,1
672,1
673,2
675,1
676,2
679,3
681,0
682,0
685,3
686,4
690,3
693,1
694,1
700,1
703,2
705,0
707,1
711,4
714,3
716,2
717,2
720,0
722,2
723,2
724,1
728,0
731,1
733,2
734,0
736,2
738,1
740,2
741,2
742,4
745,4
746,3
747,3
749,1
751,0
753,2
754,3
757,1
760,4
762,3
764,3
765,4
766,2
768,0
774,3
776,3
777,3
778,3
781,2
783,1
789,2
791,0
792,1
794,3
795,3
796,1
797,1
798,0
800,2
805,2
806,2
809,3
816,2
817,0
818,0
821,3
825,2
828,3
830,1
831,0
841,1
842,1
845,1
846,3
847,3
848,3
849,2
850,1
851,4
852,2
856,0
860,1
862,1
863,0
864,1
865,0
866,3
867,3
869,1
870,3
871,2
872,1
873,1
878,2
879,3
880,0
881,1
882,3
884,2
885,0
889,1
891,4
892,3
893,2
897,1
898,4
900,2
901,1
903,4
904,3
907,3
913,0
915,3
917,2
923,2
924,2
926,0
927,3
928,2
930,0
932,4
933,0
936,2
938,4
939,4
941,2
942,3
943,3
944,0
945,0
947,0
949,2
950,2
952,2
953,3
954,4
955,2
956,1
958,2
959,0
963,3
964,0
965,0
966,1
967,2
968,1
969,4
970,4
974,3
976,2
978,1
979,3
980,1
981,0
984,1
986,1
987,0
990,0
993,2
994,4
995,0
997,2
999,2
1001,0
1002,3
1003,2
1010,1
1011,3
1012,0
1016,3
1018,1
1019,3
1021,2
1023,0
1026,2
1031,3
1032,1
1035,2
1036,3
1038,4
1040,1
1042,2
1043,1
1046,1
1047,0
1048,0
1051,3
1053,2
1055,1
1059,4
1063,4
1064,0
1067,1
1070,3
1072,2
1074,3
1079,0
1080,0
1082,3
1083,1
1085,3
1086,3
1088,2
1089,1
1090,2
1091,0
1094,2
1095,0
1097,0
1098,0
1099,4
1101,0
1103,3
1108,4
1110,3
1111,3
1115,2
1116,2
1117,4
1118,3
1119,1
1121,0
1125,1
1126,1
1127,4
1129,3
1134,0
1137,3
1139,1
1142,0
1144,1
1147,0
1148,1
1151,0
1152,2
1155,4
1157,2
1158,3
1159,2
1164,0
1165,1
1168,1
1171,3
1173,2
1176,0
1179,0
1180,0
1181,2
1182,3
1187,1
1188,1
1189,1
1192,3
1194,3
1199,1
1200,2
1201,3
1202,4
1204,0
1206,2
1208,0
1210,0
1212,1
1213,2
1216,2
1218,3
1220,2
1222,3
1223,1
1225,4
1226,4
1229,1
1234,0
1235,3
1236,0
1238,2
1239,0
1241,2
1242,3
1245,4
1246,4
1247,0
1248,1
1249,2
1255,3
1256,2
1259,1
1261,2
1262,0
1264,0
1266,3
1267,3
1268,1
1270,2
1271,2
1273,0
1274,2
1281,1
1282,1
1285,3
1286,2
1287,0
1293,4
1294,3
1295,3
1297,3
1299,2
1300,2
1301,1
1302,1
1303,3
1304,0
1305,0
1307,3
1308,3
1309,1
1312,1
1316,3
1317,3
1319,0
1320,3
1321,0
1322,2
1323,2
1324,2
1325,0
1326,3
1332,2
1333,2
1335,3
1336,1
1337,4
1338,1
1340,2
1341,4
1342,0
1344,4
1345,1
1346,4
1350,0
1351,0
1352,2
1353,1
1355,1
1359,0
1360,4
1361,1
1363,0
1366,4
1368,4
1369,1
1371,2
1373,0
1377,4
1380,0
1383,0
1384,4
1389,0
1391,2
1394,2
1398,3
1400,4
1402,2
1403,2
1404,3
1405,1
1407,3
1409,0
1410,2
1411,1
1415,0
1416,2
1417,0
1418,1
1420,1
1422,1
1424,3
1430,1
1432,1
1433,1
1435,3
1438,4
1439,4
1440,4
1441,4
1442,1
1444,0
1446,2
1447,0
1448,4
1452,4
1453,0
1456,1
1458,2
1460,3
1461,4
1462,4
1464,4
1465,0
1467,0
1469,4
1471,1
1474,1
1475,1
1476,3
1477,2
1478,0
1481,3
1482,4
1483,3
1484,4
1485,1
1489,1
1491,2
1492,3
1493,3
1495,1
1496,0
1498,0
1499,1
1500,2
1502,4
1503,4
1505,1
1506,1
1508,3
1509,4
1510,2
1511,2
1515,1
1516,4
1517,1
1521,0
1522,1
1524,3
1525,2
1528,4
1529,0
1531,0
1533,2
1536,4
1538,1
1539,3
1540,1
1542,2
1547,1
1548,1
1549,4
1552,0
1556,3
1557,0
1560,1
1562,0
1566,2
1569,2
1571,3
1574,3
1578,2
1580,2
1582,4
1583,1
1584,2
1588,1
1590,2
1591,1
1592,1
1593,1
1595,0
1596,0
1597,3
1598,3
1599,1
1600,1
1601,3
1603,1
1606,2
1607,1
1611,2
1616,3
1617,3
1619,0
1620,1
1621,1
1624,3
1629,1
1630,3
1636,1
1638,0
1641,1
1642,0
1644,2
1646,1
1648,4
1649,0
1651,4
1653,1
1655,0
1658,2
1660,1
1661,2
1663,0
1664,3
1666,3
1667,1
1669,4
1671,0
1673,1
1676,0
1677,3
1679,2
1680,4
1682,2
1684,2
1686,1
1690,2
1691,4
1693,4
1694,1
1696,3
1697,3
1698,2
1702,4
1704,3
1708,1
1712,3
1715,1
1716,3
1717,0
1719,0
1722,3
1723,3
1728,1
1732,4
1733,2
1736,2
1738,4
1739,3
1740,2
1741,0
1744,1
1745,3
1746,4
1747,0
1748,3
1750,1
1751,2
1752,3
1756,2
1757,0
1760,3
1761,4
1762,3
1764,1
1767,0
1768,2
1770,2
1771,2
1772,2
1773,2
1774,1
1776,2
1777,3
1780,0
1781,1
1783,3
1786,1
1788,4
1790,4
1794,0
1795,3
1796,3
1803,2
1805,4
1806,1
1807,2
1811,3
1815,4
1817,0
1820,1
1824,0
1826,2
1827,0
1828,4
1829,0
1830,1
1832,0
1835,4
1836,1
1838,1
1839,4
1840,2
1841,0
1842,2
1843,3
1845,2
1847,1
1850,3
1852,0
1853,3
1854,2
1857,1
1858,2
1859,0
1861,0
1862,4
1863,2
1865,2
1867,1
1868,3
1869,2
1870,3
1872,0
1873,4
1874,2
1876,4
1877,1
1878,2
1879,2
1880,2
1886,3
1887,4
1888,3
1889,4
1894,0
1897,3
1900,2
1902,0
1903,0
1904,0
1905,3
1906,4
1907,0
1909,3
1911,1
1913,4
1914,1
1918,3
1921,0
1923,4
1924,0
1927,0
1929,1
1930,3
1931,1
1932,2
1935,4
1937,1
1938,4
1939,4
1941,4
1943,0
1944,3
1945,0
1946,3
1949,2
1951,0
1952,3
1955,0
1956,3
1957,1
1958,0
1960,1
1961,4
1962,0
1966,0
1970,2
1974,0
1975,2
1976,3
1977,1
1980,3
1982,0
1986,1
1989,1
1991,3
1993,3
1994,4
1995,3
1998,0
2001,4
2002,3
2003,0
2005,2
2006,4
2008,1
2009,4
2012,4
2015,2
2016,1
2018,2
2019,2
2023,3
2024,1
2026,0
2031,3
2032,1
2041,2
2045,2
2047,1
2048,0
2051,0
2053,3
2056,1
2060,3
2061,0
2063,2
2064,0
2065,0
2066,2
2067,0
2070,4
2072,0
2074,2
2075,4
2078,4
2079,1
2081,2
2087,3
2089,2
2092,4
2093,0
2096,2
2097,3
2100,4
2103,0
2104,0
2107,2
2108,3
2111,0
2112,3
2113,1
2117,2
2121,2
2122,2
2123,1
2125,1
2127,2
2128,1
2129,3
2134,0
2137,1
2138,0
2139,4
2142,3
2144,3
2145,3
2147,4
2148,0
2149,0
2151,1
2152,4
2153,1
2156,0
2157,3
2159,1
2164,0
2165,0
2168,3
2169,2
2170,1
2178,3
2181,1
2182,1
2184,2
2187,0
2189,2
2190,0
2193,1
2194,0
2195,0
2196,2
2199,2
2200,0
2201,1
2202,0
2203,2
2204,1
2206,1
2207,3
2209,0
2210,1
2215,1
2218,1
2221,3
2222,3
2224,4
2225,1
2227,3
2230,1
2232,2
2233,1
2234,1
2239,1
2240,0
2241,3
2244,2
2246,0
2249,4
2251,2
2252,0
2255,4
2256,4
2258,2
2259,3
2260,1
2261,1
2262,2
2263,2
2264,3
2265,3
2266,2
2268,1
2269,4
2271,1
2272,1
2273,2
2274,4
2275,1
2280,1
2283,2
2285,3
2287,0
2290,3
2291,1
2293,3
2295,1
2299,3
2300,1
2301,0
2302,1
2305,1
2306,4
2308,0
2309,0
2310,4
2313,4
2314,2
2315,4
2316,0
2318,0
2319,4
2322,1
2323,4
2324,4
2325,4
2327,2
2328,0
2330,1
2333,2
2334,2
2335,2
2336,3
2337,2
2338,2
2344,2
2347,3
2348,2
2351,3
2354,3
2359,0
2360,2
2361,0
2368,0
2370,1
2372,1
2374,2
2377,0
2378,1
2380,0
2381,2
2382,1
2385,0
2386,2
2387,0
2389,4
2391,0
2398,4
2403,3
2404,3
2405,0
2406,3
2407,3
2408,2
2409,3
2410,2
2411,2
2415,4
2417,2
2419,1
2422,0
2428,2
2430,1
2432,2
2433,2
2435,1
2436,4
2438,1
2441,1
2442,3
2443,0
2444,1
2445,1
2446,0
2447,3
2452,3
2453,0
2456,1
2463,1
2464,1
2465,2
2468,0
2475,2
2476,3
2480,0
2486,2
2488,0
2489,3
2491,1
2492,3
2493,2
2495,2
2497,2
2501,1
2502,3
2505,4
2509,3
2511,4
2514,3
2515,4
2516,3
2517,1
2521,3
2525,1
2526,3
2527,4
2528,2
2529,0
2530,0
2532,3
2533,3
2535,3
2536,4
2537,4
2542,0
2543,1
2544,3
2545,0
2548,2
2549,3
2552,1
2555,4
2557,2
2558,3
2559,4
2563,2
2564,3
2565,2
2568,2
2569,3
2571,4
2572,3
2573,4
2575,2
2577,2
2582,2
2583,2
2584,3
2585,2
2586,4
2587,2
2592,4
2594,3
2595,1
2596,1
2602,3
2603,3
2604,3
2606,1
2609,3
2610,3
2612,1
2613,4
2615,0
2617,2
2618,2
2619,2
2620,3
2621,2
2622,0
2623,0
2624,0
2626,1
2627,0
2631,0
2632,2
2635,3
2636,1
2637,1
2639,1
2640,3
2641,0
2643,3
2645,1
2646,3
2650,3
2651,3
2652,0
2653,2
2654,3
2655,1
2658,0
2660,0
2661,1
2662,2
2663,0
2665,2
2666,1
2671,3
2672,2
2673,2
2674,1
2675,1
2676,4
2677,2
2679,2
2685,1
2686,2
2689,0
2692,0
2694,2
2695,0
2700,1
2701,0
2704,0
2705,2
2707,4
2710,2
2712,2
2714,1
2715,3
2716,3
2717,0
2721,0
2722,0
2728,2
2730,3
2732,2
2733,2
2734,3
2738,0
2739,3
2740,3
2741,0
2742,0
2743,3
2746,2
2747,2
2750,2
2751,3
2753,2
2757,2
2758,0
2762,3
2763,4
2764,2
2766,1
2768,0
2769,2
2771,2
2773,2
2774,3
2775,1
2777,1
2779,4
2783,2
2785,2
2786,0
2788,1
2790,2
2792,3
2794,4
2795,0
2796,1
2798,3
2800,2
2802,0
2803,1
2805,0
2809,3
2813,0
2816,0
2820,3
2821,2
2824,1
2826,3
2827,3
2828,0
2829,0
2830,1
2832,0
2837,2
2839,4
2841,2
2845,1
2846,1
2848,1
2850,1
2851,3
2852,3
2855,2
2856,4
2857,2
2865,4
2867,0
2868,2
2874,4
2877,1
2878,1
2882,3
2883,0
2885,3
2887,1
2888,1
2890,2
2891,1
2892,0
2893,3
2897,2
2898,1
2900,3
2903,1
2906,2
2910,3
2915,3
2917,0
2919,1
2921,0
2923,4
2929,2
2931,1
2934,3
2935,2
2936,0
2937,1
2939,1
2940,3
2941,4
2942,1
2943,3
2945,3
2946,2
2950,2
2951,2
2955,0
2958,0
2959,0
2962,3
2965,1
2967,2
2970,3
2972,2
2974,2
2975,3
2976,0
2977,4
2978,3
2979,0
2982,0
2983,2
2987,1
2989,0
2990,1
2991,3
2995,0
2996,3
2999,3
3000,2
3001,1
3003,0
3004,4
3007,1
3008,0
3009,3
3013,4
3015,2
3016,0
3018,2
3019,4
3021,2
3022,2
3023,0
3024,1
3026,2
3027,2
3029,2
3034,2
3036,0
3037,2
3038,4
3040,0
3041,1
3043,0
3044,0
3045,2
3047,0
3048,3
3051,2
3056,2
3059,4
3063,3
3064,1
3066,3
3067,1
3068,3
3070,2
3071,1
3072,0
3074,1
3075,0
3076,0
3080,4
3081,2
3083,1
3085,4
3086,0
3089,1
3092,4
3093,2
3095,0
3098,0
3100,4
3101,4
3105,2
3107,3
3109,1
3110,2
3112,0
3113,4
3115,1
3119,3
3120,3
3121,1
3124,0
3125,0
3128,4
3129,2
3130,1
3131,2
3137,2
3139,4
3141,1
3143,2
3144,2
3145,0
3146,2
3147,0
3148,3
3149,1
3150,2
3151,2
3152,2
3153,4
3154,1
3155,1
3158,0
3163,0
3165,0
3166,0
3167,2
3169,2
3172,2
3173,3
3175,3
3182,4
3184,2
3185,2
3186,1
3188,4
3190,2
3191,3
3193,0
3194,2
3196,2
3197,3
3198,2
3199,1
3201,0
3203,1
3204,2
3209,1
3211,0
3212,0
3213,0
3214,1
3216,0
3217,0
3223,2
3224,0
3225,3
3226,1
3230,0
3231,0
3232,3
3233,3
3237,2
3238,3
3240,2
3242,1
3243,2
3247,3
3249,3
3250,3
3251,2
3252,0
3254,2
3255,1
3256,0
3257,0
3258,3
3259,3
3260,1
3263,4
3265,1
3269,4
3270,0
3271,2
3272,2
3273,1
3277,1
3279,2
3280,2
3281,1
3283,4
3286,0
3287,1
3288,3
3289,0
3290,3
3293,3
3294,0
3295,2
3298,4
3300,1
3301,3
3302,1
3303,0
3310,0
3315,2
3319,1
3320,3
3321,1
3322,4
3325,0
3326,3
3328,3
3329,2
3330,2
3332,0
3333,2
3335,4
3340,2
3342,2
3346,4
3348,0
3352,4
3353,1
3358,2
3362,0
3367,0
3370,0
3371,4
3372,0
3376,2
3377,2
3379,1
3381,2
3382,2
3383,2
3385,1
3389,0
3392,4
3393,0
3394,4
3396,1
3397,2
3400,3
3402,0
3404,2
3406,2
3409,2
3411,3
3416,1
3418,2
3424,2
3427,4
3430,0
3431,0
3434,2
3436,4
3437,2
3438,0
3439,3
3441,2
3442,2
3444,1
3445,1
3446,3
3447,2
3449,3
3451,0
3452,2
3453,2
3455,2
3457,3
3458,1
3462,2
3465,1
3466,1
3467,2
3468,4
3469,1
3471,0
3474,4
3475,1
3478,0
3479,0
3480,3
3484,1
3485,0
3486,1
3487,0
3488,0
3492,1
3493,3
3495,3
3496,2
3497,0
3504,2
3506,2
3507,3
3510,2
3513,4
3514,1
3516,1
3519,2
3522,0
3523,1
3524,1
3531,0
3532,1
3533,2
3535,2
3537,3
3539,3
3542,3
3544,1
3545,4
3546,1
3548,2
3550,3
3552,3
3553,1
3554,4
3555,2
3560,3
3561,4
3562,0
3563,3
3565,4
3566,1
3567,4
3569,2
3570,2
3571,3
3573,0
3574,3
3576,3
3577,0
3578,4
3579,4
3581,2
3582,2
3583,3
3584,0
3586,0
3589,2
3590,3
3592,1
3595,1
3596,2
3598,2
3601,4
3603,1
3604,0
3605,0
3608,1
3609,3
3610,3
3611,3
3612,1
3613,2
3614,4
3616,1
3617,0
3619,2
3621,2
3622,1
3626,0
3628,2
3629,0
3634,1
3635,0
3636,0
3637,0
3643,0
3648,4
3651,4
3652,0
3655,3
3656,1
3657,1
3659,1
3660,1
3661,2
3663,2
3664,2
3665,3
3667,1
3668,1
3670,1
3672,1
3675,2
3676,1
3677,2
3679,4
3681,3
3682,0
3683,1
3684,4
3687,2
3689,1
3690,2
3694,1
3697,2
3698,0
3699,4
3700,2
3701,1
3705,0
3706,3
3709,2
3710,2
3713,1
3714,0
3717,2
3718,2
3719,4
3720,3
3721,0
3722,3
3725,3
3727,4
3728,2
3729,3
3730,1
3731,1
3732,3
3734,0
3735,1
3736,2
3737,1
3738,3
3741,2
3743,2
3744,1
3746,3
3748,3
3750,4
3754,0
3757,1
3758,4
3760,2
3763,2
3765,2
3767,0
3769,1
3770,1
3771,0
3776,2
3777,1
3778,0
3782,3
3783,4
3784,0
3786,1
3787,1
3788,0
3789,1
3790,0
3791,4
3796,2
3797,2
3798,3
3801,2
3803,2
3805,1
3809,1
3810,0
3811,2
3812,2
3814,2
3815,2
3816,0
3817,3
3819,0
3821,2
3823,3
3824,0
3825,0
3827,3
3830,3
3833,0
3836,3
3837,4
3838,2
3839,3
3840,0
3841,4
3844,1
3845,3
3847,3
3849,3
3851,1
3852,0
3854,1
3861,1
3862,0
3863,0
3865,3
3867,3
3868,0
3869,0
3870,1
3871,0
3872,0
3873,0
3874,1
3875,0
3881,1
3882,0
3884,1
3885,3
3887,2
3888,1
3889,0
3896,1
3897,2
3901,1
3902,1
3908,3
3909,0
3911,2
3912,2
3913,1
3915,1
3917,3
3920,0
3921,2
3922,1
3924,1
3927,2
3928,0
3929,1
3930,1
3932,3
3933,1
3938,2
3941,4
3944,3
3949,3
3951,3
3952,0
3954,0
3955,1
3956,0
3958,0
3966,2
3971,4
3973,0
3974,1
3975,2
3976,3
3978,4
3979,1
3980,0
3982,1
3986,4
3989,0
3990,3
3993,3
3994,2
3995,0
3996,2
3997,0
4002,4
4003,4
4005,4
4007,1
4009,0
4010,2
4011,4
4012,2
4015,3
4019,4
4024,0
4028,2
4030,2
4031,1
4033,1
4037,3
4038,1
4039,1
4040,4
4041,1
4042,0
4044,1
4048,2
4049,3
4053,2
4054,3
4055,2
4056,1
4058,2
4059,0
4060,2
4062,0
4063,1
4064,2
4065,3
4067,2
4068,3
4071,2
4075,1
4076,1
4078,0
4079,1
4081,0
4084,4
4085,3
4086,2
4088,1
4091,3
4093,4
4094,2
4095,3
4096,4
4097,0
4102,2
4103,1
4105,2
4108,0
4109,2
4112,3
4113,2
4114,0
4116,0
4120,3
4121,3
4122,1
4126,3
4128,1
4129,2
4131,1
4134,2
4136,1
4140,2
4142,0
4145,3
4146,3
4149,2
4150,1
4152,0
4153,2
4154,4
4155,0
4156,2
4158,3
4160,4
4163,0
4165,3
4166,4
4167,3
4168,1
4170,1
4172,2
4179,0
4181,1
4182,2
4184,1
4186,2
4187,3
4190,0
4191,2
4192,1
4193,2
4194,3
4196,2
4198,4
4201,3
4202,0
4204,3
4208,2
4209,3
4211,1
4213,0
4215,3
4216,2
4218,2
4220,3
4221,1
4222,3
4224,0
4225,4
4226,4
4227,4
4228,2
4229,4
4230,3
4231,2
4232,1
4235,1
4240,2
4245,2
4247,1
4252,2
4257,0
4258,4
4259,1
4260,0
4270,0
4272,3
4274,4
4278,2
4281,2
4283,0
4284,2
4285,1
4286,4
4287,2
4289,2
4295,0
4298,3
4299,0
4301,3
4302,3
4306,4
4310,2
4311,0
4313,3
4315,0
4317,0
4318,0
4320,2
4323,2
4324,3
4325,3
4326,2
4327,1
4334,4
4336,3
4340,3
4342,1
4343,1
4344,2
4345,1
4348,1
4349,4
4351,2
4352,4
4353,1
4354,4
4355,0
4359,1
4360,3
4362,1
4364,3
4365,0
4366,0
4369,3
4370,3
4371,1
4372,1
4374,4
4375,3
4377,2
4378,1
4379,0
4381,0
4382,3
4383,0
4384,0
4389,3
4391,3
4393,2
4396,0
4402,3
4404,4
4407,2
4410,4
4413,2
4416,1
4421,3
4422,1
4423,3
4426,1
4429,3
4430,2
4431,4
4432,3
4433,3
4434,0
4435,1
4437,4
4438,1
4439,0
4442,4
4443,3
4445,2
4446,1
4449,1
4451,0
4454,4
4462,1
4463,0
4467,0
4469,4
4470,0
4475,3
4479,2
4481,4
4484,0
4492,2
4493,3
4494,0
4495,4
4496,1
4498,0
4501,3
4503,1
4504,0
4508,0
4511,1
4514,1
4515,0
4516,3
4517,0
4520,3
4521,1
4522,1
4523,2
4526,4
4530,0
4531,1
4534,1
4536,1
4537,0
4542,0
4545,2
4549,0
4550,3
4552,2
4557,2
4559,4
4560,2
4561,1
4565,4
4570,3
4572,4
4573,3
4574,1
4576,4
4582,4
4585,3
4586,2
4587,0
4589,4
4593,2
4594,0
4597,0
4600,1
4601,3
4602,4
4606,2
4608,3
4609,2
4613,4
4614,4
4617,1
4619,0
4621,3
4622,0
4624,3
4625,0
4627,1
4628,0
4629,1
4631,0
4632,4
4634,3
4636,2
4637,1
4638,0
4645,1
4646,2
4648,4
4650,1
4651,2
4653,1
4655,4
4656,1
4657,0
4659,0
4663,4
4664,2
4669,1
4670,1
4671,3
4672,1
4674,4
4675,0
4676,2
4677,0
4679,2
4680,3
4683,3
4687,4
4690,0
4696,4
4699,0
4700,1
4701,2
4705,2
4707,0
4708,2
4709,3
4713,1
4716,0
4718,2
4721,3
4723,1
4725,4
4726,3
4728,3
4730,4
4732,0
4733,2
4734,2
4735,3
4739,2
4740,4
4741,0
4742,1
4743,3
4747,3
4748,3
4752,3
4753,2
4755,0
4759,1
4760,3
4761,2
4764,1
4766,0
4768,2
4769,1
4770,0
4772,3
4775,3
4776,3
4780,1
4781,3
4782,0
4786,2
4787,1
4788,2
4789,0
4790,0
4793,3
4795,1
4796,0
4799,1
4800,1
4801,1
4804,2
4808,0
4810,1
4812,4
4813,2
4815,1
4817,3
4822,3
4823,1
4824,2
4826,3
4828,3
4829,0
4831,2
4833,2
4835,0
4836,3
4837,2
4846,1
4848,2
4852,4
4853,0
4857,2
4858,1
4862,2
4863,1
4864,3
4865,1
4867,3
4871,2
4872,4
4873,1
4874,1
4878,2
4879,2
4881,3
4883,0
4884,2
4886,2
4893,4
4895,3
4898,1
4899,4
4900,0
4901,3
4903,1
4904,4
4906,2
4908,3
4909,0
4912,1
4915,1
4917,1
4918,3
4919,0
4920,2
4921,3
4922,2
4925,1
4927,1
4933,0
4935,4
4936,2
4937,3
4941,4
4942,0
4943,0
4944,0
4947,2
4948,1
4949,0
4950,1
4951,1
4957,2
4960,0
4961,1
4962,2
4963,3
4964,1
4965,2
4966,2
4967,2
4968,0
4972,2
4974,1
4977,4
4979,2
4982,3
4983,3
4984,0
4987,3
4988,4
4989,2
4993,0
4998,4
5001,3
5002,0
5004,1
5005,0
5007,2
5008,3
5009,3
5011,0
5012,1
5013,0
5014,2
5016,1
5018,1
5023,0
5025,4
5027,4
5028,1
5029,0
5031,3
5033,0
5034,2
5036,0
5038,1
5039,1
5040,2
5042,1
5044,2
5046,0
5048,0
5050,0
5053,3
5055,0
5056,2
5058,1
5059,0
5062,4
5063,0
5064,4
5065,0
5067,2
5069,2
5072,0
5075,4
5077,2
5078,4
5079,4
5082,0
5083,2
5085,3
5094,0
5098,0
5099,1
5101,4
5103,0
5105,0
5107,0
5108,4
5110,0
5111,1
5112,1
5113,0
5114,0
5115,0
5120,1
5121,0
5123,0
5124,2
5126,0
5127,1
5128,3
5129,0
5131,4
5132,1
5134,0
5135,3
5136,4
5137,2
5138,4
5141,3
5145,2
5146,4
5147,3
5149,4
5153,4
5154,1
5161,0
5162,1
5164,0
5166,3
5168,0
5170,3
5171,1
5172,2
5174,3
5175,2
5176,2
5179,1
5180,0
5182,0
5183,3
5184,2
5189,4
5191,0
5192,0
5193,1
5197,3
5199,3
5203,2
5204,3
5205,0
5206,3
5207,1
5208,2
5209,4
5214,3
5215,1
5218,2
5223,1
5227,3
5230,3
5232,0
5233,4
5234,1
5235,3
5237,4
5239,3
5240,3
5241,3
5249,2
5251,0
5253,2
5255,1
5256,1
5259,1
5263,3
5273,1
5275,2
5277,3
5278,2
5282,1
5283,2
5284,0
5286,2
5293,0
5298,1
5300,1
5301,1
5305,1
5307,1
5308,0
5309,2
5310,0
5313,2
5315,0
5318,3
5322,3
5323,0
5325,2
5326,1
5329,3
5331,2
5332,2
5333,0
5334,1
5336,3
5337,4
5338,3
5340,0
5341,2
5342,0
5343,3
5344,3
5345,0
5346,2
5348,1
5349,3
5350,1
5351,3
5352,2
5353,1
5354,1
5355,0
5356,0
5357,0
5358,0
5359,1
5360,2
5370,1
5371,2
5374,2
5376,3
5377,3
5380,0
5382,0
5383,1
5385,4
5387,1
5388,3
5390,2
5393,1
5395,1
5397,1
5400,3
5401,3
5406,2
5409,2
5412,3
5413,4
5414,4
5415,3
5416,4
5418,1
5419,2
5421,2
5422,2
5423,0
5424,4
5425,0
5426,3
5428,4
5434,1
5435,2
5437,0
5438,0
5441,1
5442,0
5445,3
5447,3
5450,2
5454,0
5455,3
5457,1
5458,2
5459,0
5460,1
5461,3
5463,1
5467,0
5468,2
5469,1
5470,2
5472,2
5473,0
5474,0
5478,2
5480,0
5483,3
5485,0
5486,0
5488,0
5489,1
5490,2
5491,1
5492,3
5496,3
5497,0
5499,2
5501,1
5502,4
5503,2
5505,2
5507,1
5508,3
5509,2
5510,3
5511,1
5513,1
5517,0
5519,2
5520,1
5522,0
5527,0
5528,1
5530,3
5531,4
5532,1
5533,0
5534,1
5535,2
5536,0
5537,3
5538,0
5539,0
5545,2
5549,2
5552,1
5554,4
5555,2
5556,3
5558,0
5562,3
5563,1
5566,3
5567,2
5568,1
5570,3
5571,2
5573,4
5575,0
5578,0
5579,1
5582,1
5584,4
5585,4
5586,1
5588,3
5592,3
5593,2
5598,4
5599,3
5603,2
5606,2
5609,0
5612,1
5614,4
5615,3
5616,2
5618,0
5621,3
5622,2
5624,1
5626,1
5628,0
5629,4
5633,2
5634,0
5638,0
5639,4
5640,3
5645,1
5646,1
5647,1
5648,4
5650,1
5651,2
5652,2
5653,0
5654,0
5655,0
5658,1
5659,3
5660,4
5661,0
5663,3
5664,2
5665,3
5666,2
5669,2
5671,1
5674,4
5675,1
5678,3
5680,4
5682,4
5686,2
5687,1
5688,2
5689,0
5690,0
5697,2
5699,1
5700,3
5701,3
5704,4
5705,0
5708,2
5709,1
5710,3
5713,2
5714,4
5715,2
5716,4
5717,0
5718,2
5722,1
5724,0
5726,4
5732,1
5733,3
5734,0
5736,2
5737,3
5740,2
5741,4
5742,4
5744,2
5746,3
5747,1
5748,2
5749,2
5750,1
5755,0
5756,4
5758,3
5761,1
5763,3
5764,3
5765,2
5770,1
5773,1
5776,1
5779,3
5780,3
5782,4
5784,1
5785,0
5786,2
5794,3
5795,0
5796,1
5798,1
5800,2
5802,1
5804,1
5805,2
5807,3
5810,2
5812,0
5813,1
5816,1
5817,0
5818,3
5819,1
5821,3
5825,2
5826,3
5827,2
5828,1
5829,3
5830,1
5831,0
5833,2
5834,1
5836,3
5837,3
5839,1
5840,2
5841,2
5843,1
5844,3
5845,4
5846,1
5848,1
5853,2
5854,0
5855,0
5856,1
5857,2
5858,4
5859,2
5861,3
5867,3
5868,2
5869,3
5870,0
5871,0
5872,2
5873,3
5874,1
5876,0
5880,3
5881,2
5882,3
5883,2
5884,4
5886,0
5887,1
5888,2
5889,4
5890,1
5891,0
5895,0
5896,2
5897,0
5899,2
5902,0
5908,0
5912,4
5914,1
5915,0
5918,4
5920,0
5926,3
5928,2
5929,0
5934,2
5936,2
5939,1
5940,3
5941,1
5942,2
5943,0
5944,1
5952,2
5953,0
5954,0
5956,2
5957,2
5958,2
5959,2
5960,1
5961,0
5963,2
5964,3
5966,0
5967,3
5969,1
5970,1
5974,1
5975,1
5978,3
5979,3
5983,0
5984,0
5987,2
5991,2
5993,4
5995,2
5999,1
6003,1
6004,0
6006,1
6008,0
6009,3
6011,3
6015,2
6016,2
6020,2
6027,4
6032,0
6037,1
6038,3
6039,0
6040,4
6041,3
6042,2
6044,2
6048,1
6051,3
6053,3
6058,0
6059,1
6060,1
6061,2
6062,3
6063,0
6064,3
6067,1
6071,4
6072,2
6073,0
6074,0
6076,3
6079,3
6083,1
6084,2
6086,1
6087,4
6088,1
6089,4
6092,2
6093,0
6094,2
6098,2
6099,3
6101,4
6102,1
6106,3
6108,0
6109,0
6111,1
6112,3
6115,4
6116,2
6117,0
6120,0
6121,0
6122,2
6123,3
6124,0
6126,4
6129,4
6130,1
6131,0
6132,1
6134,2
6143,4
6145,2
6148,2
6149,0
6150,3
6151,1
6156,4
6157,2
6160,0
6161,2
6162,3
6163,1
6165,1
6167,3
6172,3
6175,1
6176,2
6177,4
6178,1
6181,3
6182,0
6183,0
6185,4
6187,2
6191,2
6194,0
6196,4
6198,1
6199,1
6204,0
6206,0
6207,3
6209,2
6210,3
6212,3
6214,2
6215,0
6218,0
6220,4
6221,0
6226,4
6227,2
6230,0
6231,0
6233,1
6235,2
6241,1
6242,3
6244,2
6247,0
6248,1
6255,3
6256,3
6261,0
6265,2
6266,2
6268,0
6271,4
6273,1
6274,0
6276,4
6279,0
6284,1
6285,3
6286,1
6289,0
6290,1
6291,3
6294,3
6296,4
6297,1
6298,3
6299,2
6300,3
6304,3
6306,2
6308,3
6310,2
6312,0
6314,3
6315,2
6317,3
6318,1
6319,0
6321,1
6323,4
6327,4
6328,2
6332,3
6333,3
6334,0
6338,1
6341,1
6342,2
6346,3
6349,1
6350,0
6354,0
6355,3
6356,3
6358,1
6360,0
6361,4
6363,1
6367,3
6371,3
6375,3
6377,0
6378,0
6380,2
6383,0
6386,1
6389,0
6392,2
6393,2
6398,1
6400,1
6404,4
6408,3
6413,0
6415,1
6419,1
6420,1
6422,1
6423,2
6424,3
6426,2
6427,3
6431,0
6432,2
6436,0
6437,0
6438,4
6439,0
6441,3
6442,0
6445,3
6446,1
6448,1
6449,2
6453,2
6454,2
6455,4
6457,3
6459,4
6463,3
6465,1
6466,3
6467,3
6470,1
6472,1
6473,0
6476,3
6477,1
6478,4
6481,4
6485,3
6487,2
6488,2
6495,0
6496,1
6497,0
6500,1
6501,2
6503,2
6507,4
6510,4
6512,3
6515,4
6517,2
6519,3
6521,0
6523,0
6524,0
6526,1
6532,2
6533,3
6534,2
6535,0
6536,0
6537,0
6539,2
6540,1
6542,2
6543,4
6545,2
6547,0
6548,0
6549,2
6553,1
6557,1
6558,2
6560,4
6564,2
6565,4
6567,1
6568,2
6569,2
6572,0
6574,3
6575,2
6576,1
6577,2
6579,2
6580,1
6583,4
6584,2
6590,0
6594,0
6596,1
6601,4
6603,0
6605,3
6606,4
6608,3
6609,4
6610,3
6611,0
6614,0
6620,4
6621,4
6622,3
6625,4
6626,1
6627,1
6629,2
6630,2
6631,3
6632,0
6633,3
6634,3
6635,2
6636,3
6641,0
6642,4
6643,3
6644,3
6646,3
6647,1
6648,1
6653,1
6654,2
6655,2
6656,0
6659,1
6660,0
6661,2
6662,0
6663,1
6664,4
6665,3
6671,3
6672,3
6673,3
6674,3
6676,3
6680,0
6681,0
6682,1
6684,4
6685,0
6686,3
6687,0
6691,3
6694,1
6695,0
6699,3
6701,0
6705,4
6706,1
6707,3
6712,1
6713,0
6714,0
6715,2
6717,1
6722,0
6723,1
6724,0
6726,2
6727,2
6730,1
6732,1
6733,2
6736,0
6738,2
6745,0
6748,1
6749,1
6752,3
6754,0
6755,1
6756,3
6758,0
6761,2
6762,4
6764,0
6767,2
6769,3
6770,3
6772,3
6775,1
6776,4
6778,1
6780,4
6781,3
6782,1
6783,1
6784,1
6786,2
6788,1
6789,0
6790,4
6792,2
6793,3
6794,0
6795,0
6799,1
6801,0
6804,2
6805,3
6807,2
6811,4
6812,2
6813,0
6814,3
6816,3
6817,2
6818,3
6820,2
6822,3
6823,2
6826,0
6831,1
6832,3
6833,0
6836,1
6838,2
6840,3
6841,0
6842,1
6847,0
6851,3
6852,0
6854,3
6855,2
6856,2
6857,2
6858,2
6860,2
6861,3
6862,2
6863,1
6865,0
6867,4
6868,4
6870,4
6872,3
6873,0
6874,0
6875,4
6876,1
6877,2
6882,3
6883,3
6886,0
6887,1
6888,3
6889,2
6890,4
6892,1
6893,4
6896,1
6899,1
6900,1
6902,3
6903,3
6904,1
6908,1
6909,4
6910,2
6911,3
6912,3
6913,0
6915,3
6916,3
6918,0
6923,2
6925,3
6926,1
6931,2
6932,4
6933,3
6934,1
6935,0
6936,0
6937,4
6940,3
6945,1
6946,2
6948,3
6953,0
6954,3
6955,0
6957,1
6961,2
6965,0
6968,3
6969,1
6970,0
6972,1
6973,0
6974,0
6975,4
6976,1
6978,1
6979,0
6981,1
6983,4
6988,3
6990,1
6991,3
6993,0
6995,4
6996,1
6997,2
6998,0
6999,1
7000,4
7002,2
7003,4
7005,2
7006,1
7007,0
7008,2
7012,1
7014,1
7015,0
7016,3
7017,3
7019,3
7026,0
7027,1
7030,3
7031,0
7032,2
7035,2
7039,0
7042,0
7043,3
7044,3
7045,0
7046,1
7048,2
7049,1
7050,3
7052,1
7056,1
7057,0
7060,1
7062,0
7063,2
7064,0
7065,3
7066,0
7068,4
7070,0
7072,2
7073,1
7076,2
7079,1
7082,3
7085,1
7087,2
7088,0
7095,1
7096,2
7099,2
7107,3
7108,0
7109,2
7111,0
7115,3
7116,1
7118,1
7119,0
7122,1
7124,3
7126,1
7128,3
7129,2
7130,2
7134,3
7135,4
7140,3
7141,0
7143,0
7145,4
7146,2
7147,3
7149,0
7151,2
7152,2
7153,1
7156,0
7158,2
7159,3
7166,0
7169,2
7173,3
7176,3
7177,2
7178,1
7179,4
7180,3
7182,3
7183,0
7188,3
7192,3
7198,1
7199,0
7201,4
7202,3
7203,4
7204,1
7208,0
7210,2
7212,4
7216,2
7217,3
7218,0
7221,2
7222,0
7223,3
7225,1
7227,2
7229,1
7231,2
7234,0
7238,2
7239,2
7243,2
7245,1
7247,2
7248,0
7249,2
7251,1
7252,2
7253,3
7256,3
7257,0
7259,3
7260,0
7261,3
7262,3
7263,2
7265,3
7267,3
7268,1
7273,0
7274,1
7275,4
7276,3
7279,1
7280,0
7281,2
7284,3
7285,4
7286,1
7288,2
7291,4
7293,1
7295,3
7296,4
7298,4
7301,3
7304,3
7305,2
7306,4
7307,1
7309,2
7311,1
7313,1
7317,1
7318,1
7321,3
7322,3
7323,0
7324,2
7325,2
7326,4
7329,0
7330,4
7333,2
7336,4
7338,2
7340,2
7341,4
7343,2
7344,0
7345,4
7346,1
7349,1
7350,4
7351,2
7353,2
7361,4
7364,0
7365,1
7367,0
7369,1
7370,0
7372,3
7374,0
7375,2
7376,2
7377,3
7378,0
7382,1
7385,0
7386,2
7388,3
7391,3
7393,0
7395,4
7396,1
7398,3
7400,3
7401,2
7405,2
7406,2
7407,0
7408,0
7413,1
7415,0
7416,3
7417,4
7419,1
7420,0
7422,4
7424,2
7426,2
7427,3
7428,1
7430,3
7431,4
7432,0
7434,0
7435,2
7441,0
7442,2
7443,0
7444,2
7445,0
7446,1
7448,2
7449,2
7450,0
7451,4
7452,2
7454,1
7455,3
7456,1
7457,2
7458,0
7460,1
7462,0
7463,1
7464,3
7465,0
7466,2
7467,2
7469,2
7470,1
7472,1
7473,0
7475,1
7477,0
7478,2
7479,0
7480,2
7481,3
7490,1
7491,1
7493,3
7494,3
7496,2
7498,3
7499,1
7500,2
7502,2
7504,1
7505,0
7508,3
7511,3
7512,3
7513,3
7514,0
7515,4
7516,2
7517,0
7518,2
7520,0
7521,2
7522,3
7523,4
7524,1
7526,0
7527,3
7529,1
7530,1
7531,0
7532,3
7533,4
7535,0
7538,4
7542,3
7544,1
7545,3
7548,3
7549,3
7551,1
7552,0
7557,4
7558,1
7562,2
7564,0
7565,1
7566,0
7567,0
7571,2
7572,1
7573,1
7577,2
7580,1
7582,4
7585,3
7586,2
7590,1
7591,3
7592,2
7594,2
7595,4
7596,0
7597,1
7599,0
7600,0
7601,3
7602,1
7606,4
7607,2
7608,1
7609,3
7611,3
7612,1
7614,4
7615,3
7616,0
7618,4
7619,2
7620,1
7621,1
7624,4
7625,1
7627,2
7628,0
7632,0
7637,4
7641,3
7642,3
7644,2
7645,0
7646,0
7648,3
7650,0
7653,2
7654,1
7660,4
7662,0
7663,2
7666,0
7667,3
7668,1
7669,0
7671,4
7673,3
7675,1
7676,0
7677,3
7678,2
7681,0
7682,2
7683,0
7686,0
7693,1
7695,4
7696,1
7701,0
7702,2
7703,3
7705,0
7707,4
7708,2
7709,2
7710,0
7713,1
7716,0
7720,2
7721,1
7722,1
7723,3
7725,3
7727,1
7731,0
7732,2
7734,2
7735,1
7737,1
7741,2
7742,1
7743,4
7744,4
7745,0
7748,1
7750,0
7752,2
7753,1
7754,1
7756,0
7759,3
7761,3
7762,3
7763,3
7765,0
7766,1
7768,1
7771,1
7776,0
7779,2
7780,1
7784,4
7785,3
7786,1
7787,0
7788,2
7790,0
7791,2
7797,1
7800,3
7802,0
7803,0
7806,4
7808,4
7810,2
7812,2
7813,2
7814,4
7815,0
7816,0
7818,3
7824,0
7826,3
7827,0
7829,4
7833,3
7834,4
7835,1
7838,0
7839,0
7843,2
7844,1
7847,1
7851,0
7854,0
7857,2
7858,4
7859,0
7860,3
7863,2
7864,3
7868,3
7869,2
7870,3
7872,3
7873,2
7874,1
7877,0
7878,2
7879,3
7881,2
7883,0
7884,0
7888,4
7889,0
7890,4
7891,0
7896,0
7897,3
7899,0
7900,1
7901,3
7903,0
7904,2
7905,3
7907,1
7908,1
7909,1
7913,1
7914,0
7915,2
7916,1
7917,3
7918,2
7919,4
7922,1
7923,3
7924,0
7926,1
7927,2
7931,0
7932,0
7935,0
7939,1
7940,1
7941,3
7946,0
7948,2
7953,0
7954,4
7955,1
7956,1
7959,3
7960,3
7961,0
7964,1
7966,2
7970,1
7972,2
7973,1
7976,1
7979,1
7981,3
7982,0
7984,2
7987,4
7988,2
7989,1
7990,1
7991,4
7993,4
7995,4
7997,0
8001,1
8002,4
8004,1
8007,1
8010,0
8011,2
8014,3
8016,1
8017,2
8019,3
8020,2
8021,1
8022,1
8025,1
8026,2
8027,3
8031,0
8034,1
8035,0
8036,2
8042,2
8044,1
8045,4
8046,2
8047,1
8048,4
8050,3
8051,3
8053,1
8054,0
8056,0
8058,0
8059,3
8064,2
8065,1
8069,0
8072,1
8073,4
8074,0
8076,4
8077,3
8081,0
8082,4
8084,1
8085,1
8086,2
8087,0
8091,4
8092,4
8096,3
8097,4
8098,2
8099,4
8100,2
8103,3
8104,0
8105,0
8110,3
8115,2
8119,1
8122,4
8126,2
8127,0
8129,4
8134,2
8136,2
8137,1
8138,1
8139,2
8141,4
8143,0
8147,2
8148,4
8149,0
8150,0
8152,2
8156,1
8158,3
8161,2
8162,0
8163,0
8164,0
8168,4
8170,3
8171,1
8172,1
8175,3
8177,1
8178,0
8182,3
8184,0
8185,0
8186,2
8187,3
8188,2
8189,4
8190,1
8194,3
8196,1
8197,1
8202,2
8203,1
8204,1
8205,1
8206,2
8207,2
8210,3
8212,2
8214,3
8216,1
8218,3
8220,1
8221,4
8222,0
8224,3
8225,2
8228,0
8231,2
8235,3
8238,4
8239,3
8245,0
8246,3
8247,2
8255,4
8256,0
8258,2
8259,0
8260,2
8262,1
8264,3
8268,3
8271,0
8272,2
8274,3
8275,1
8277,4
8278,3
8279,1
8280,2
8281,2
8282,3
8285,2
8289,3
8290,4
8292,2
8293,4
8294,0
8295,0
8297,3
8300,1
8303,4
8306,4
8308,3
8311,0
8316,2
8318,4
8322,0
8323,1
8324,3
8325,0
8329,0
8332,0
8333,2
8340,2
8341,2
8344,1
8347,1
8349,1
8351,1
8352,0
8356,0
8358,0
8360,1
8363,0
8366,0
8367,3
8368,0
8370,2
8371,1
8373,3
8374,0
8378,0
8379,3
8380,2
8381,3
8382,3
8384,2
8387,3
8389,0
8391,0
8393,2
8394,0
8396,0
8397,4
8399,4
8402,3
8403,3
8405,2
8410,0
8414,3
8417,0
8419,2
8420,3
8422,2
8423,2
8424,1
8425,1
8431,4
8432,4
8433,0
8434,0
8435,3
8439,1
8440,3
8444,3
8446,2
8448,2
8451,0
8452,2
8454,0
8455,1
8456,3
8457,1
8459,4
8461,4
8462,1
8464,0
8465,0
8467,1
8469,0
8473,2
8476,2
8477,2
8481,1
8482,0
8483,0
8488,2
8492,1
8493,0
8495,1
8499,2
8502,4
8504,3
8507,3
8508,3
8509,2
8510,2
8512,0
8514,3
8515,2
8517,1
8519,2
8520,0
8521,2
8522,0
8524,0
8525,0
8527,0
8528,1
8529,1
8533,4
8534,3
8535,0
8536,1
8537,2
8546,0
8547,1
8548,1
8549,4
8550,0
8551,1
8556,0
8557,0
8558,0
8559,0
8561,0
8563,3
8564,1
8566,2
8570,3
8573,0
8575,2
8577,0
8579,3
8581,3
8582,0
8584,2
8588,0
8589,0
8591,1
8592,0
8593,3
8594,1
8595,1
8599,1
8600,1
8603,0
8607,0
8608,3
8609,2
8611,3
8612,2
8616,0
8620,0
8622,4
8625,0
8626,0
8629,3
8631,0
8632,2
8635,2
8636,1
8638,4
8643,1
8647,3
8648,2
8649,0
8651,0
8656,4
8657,1
8663,1
8664,3
8667,0
8670,4
8672,3
8675,3
8676,1
8677,3
8678,1
8682,1
8683,2
8684,2
8690,0
8693,1
8696,1
8697,1
8698,0
8699,3
8700,1
8702,1
8703,2
8707,0
8708,2
8710,0
8712,0
8714,0
8716,0
8719,4
8720,2
8721,3
8722,0
8725,1
8726,1
8727,1
8730,0
8731,1
8733,3
8736,1
8737,3
8738,2
8740,3
8741,3
8742,1
8744,3
8745,0
8747,0
8750,4
8751,3
8752,2
8756,1
8758,3
8760,1
8761,0
8765,1
8766,1
8768,2
8769,3
8770,4
8772,2
8774,0
8775,2
8779,1
8784,0
8787,3
8789,2
8790,3
8791,0
8792,2
8794,1
8797,0
8798,0
8800,1
8804,4
8805,4
8806,2
8808,2
8810,3
8811,0
8814,1
8815,3
8819,0
8824,2
8826,2
8827,3
8828,2
8829,1
8830,2
8842,2
8846,1
8848,2
8849,2
8851,0
8857,1
8860,2
8861,1
8863,3
8864,0
8865,4
8866,0
8868,1
8872,3
8874,4
8875,3
8876,0
8877,2
8878,2
8879,1
8880,3
8885,1
8887,3
8888,3
8890,2
8891,4
8892,3
8894,3
8895,0
8900,0
8901,1
8903,1
8904,0
8905,4
8907,1
8908,4
8909,2
8912,3
8913,2
8914,2
8918,4
8919,3
8920,2
8921,2
8922,2
8923,4
8924,1
8925,1
8927,3
8928,4
8929,3
8930,1
8934,4
8937,0
8940,3
8942,0
8943,1
8945,0
8946,4
8947,2
8950,0
8951,4
8952,0
8956,2
8957,1
8960,1
8963,2
8964,3
8966,2
8969,3
8973,4
8975,0
8977,0
8978,3
8979,0
8980,0
8981,0
8982,3
8984,4
8987,4
8992,3
8994,3
8997,0
9001,0
9003,1
9004,0
9008,0
9010,3
9014,4
9015,3
9016,2
9017,0
9019,0
9022,1
9023,0
9026,4
9029,2
9030,0
9038,1
9044,0
9045,2
9048,1
9051,3
9054,2
9055,4
9058,4
9063,0
9065,1
9066,3
9068,0
9070,2
9071,1
9073,2
9080,0
9085,1
9090,3
9091,1
9092,3
9094,1
9097,3
9100,0
9101,2
9102,4
9103,1
9104,3
9105,1
9106,0
9107,3
9111,3
9113,2
9114,3
9115,1
9119,3
9122,0
9124,4
9125,2
9127,0
9129,1
9130,2
9134,4
9135,2
9136,2
9138,4
9141,3
9145,1
9146,2
9148,0
9151,3
9152,3
9154,0
9157,4
9164,2
9165,3
9166,0
9169,2
9170,0
9171,0
9172,1
9173,1
9174,0
9178,2
9181,0
9182,1
9185,0
9187,1
9188,0
9192,2
9194,0
9195,1
9196,1
9198,4
9199,2
9206,0
9208,4
9210,1
9211,1
9213,4
9214,3
9215,2
9217,2
9221,3
9223,2
9225,0
9227,2
9231,3
9232,2
9233,2
9235,3
9237,0
9238,1
9241,4
9243,1
9244,3
9247,1
9248,1
9249,3
9250,4
9252,2
9254,3
9259,0
9263,2
9266,2
9268,0
9269,2
9270,2
9271,2
9276,3
9279,4
9280,2
9281,0
9283,0
9285,2
9287,3
9291,0
9294,0
9295,4
9297,2
9300,2
9301,2
9302,3
9303,4
9307,4
9308,0
9309,1
9311,2
9313,3
9315,0
9316,0
9318,3
9319,2
9320,2
9321,4
9322,1
9323,3
9326,2
9327,0
9331,1
9333,4
9335,1
9336,3
9338,1
9339,0
9342,0
9343,4
9349,0
9350,1
9352,2
9354,3
9358,0
9360,3
9361,2
9363,3
9365,3
9366,2
9370,2
9372,0
9373,0
9377,2
9379,3
9381,1
9385,0
9387,3
9388,1
9389,3
9390,4
9392,4
9393,2
9394,0
9395,3
9397,2
9399,0
9401,2
9402,1
9403,0
9406,0
9410,0
9411,3
9412,2
9413,0
9415,3
9418,3
9422,2
9425,1
9428,4
9434,2
9437,3
9438,4
9439,3
9440,1
9441,1
9443,0
9444,3
9445,0
9446,3
9450,0
9452,1
9453,3
9457,0
9460,1
9462,3
9464,0
9465,1
9466,2
9467,4
9468,0
9470,3
9474,0
9476,0
9480,0
9481,2
9484,2
9486,1
9487,4
9489,0
9493,1
9494,1
9497,0
9498,3
9499,3
9501,0
9502,1
9504,4
9505,4
9506,2
9508,2
9510,2
9511,2
9513,0
9518,0
9520,4
9522,4
9525,3
9527,1
9529,2
9530,2
9532,2
9533,1
9535,2
9536,1
9538,3
9540,4
9548,1
9553,1
9555,3
9556,0
9557,4
9558,3
9561,2
9563,3
9565,0
9566,3
9568,4
9569,1
9572,2
9573,1
9575,3
9577,2
9578,1
9579,4
9580,4
9581,1
9583,3
9585,1
9587,0
9588,4
9590,3
9592,2
9595,0
9596,3
9597,0
9601,1
9602,1
9605,3
9607,1
9610,0
9611,1
9613,4
9615,3
9617,1
9618,4
9619,0
9621,2
9628,1
9630,3
9632,3
9633,1
9634,0
9635,0
9639,3
9643,0
9645,3
9648,0
9649,1
9651,1
9652,3
9655,1
9656,1
9657,3
9658,0
9662,1
9667,4
9669,3
9670,3
9671,1
9673,0
9677,2
9680,0
9682,0
9684,0
9685,4
9686,3
9687,3
9689,4
9691,3
9695,2
9696,1
9702,0
9706,2
9707,4
9708,1
9711,0
9712,4
9713,2
9715,3
9717,2
9718,0
9719,1
9720,2
9722,1
9723,0
9725,3
9726,4
9731,1
9732,3
9734,3
9737,2
9738,0
9747,3
9754,3
9755,0
9757,4
9759,3
9761,3
9762,2
9763,3
9764,3
9765,1
9767,3
9768,2
9770,2
9771,2
9775,3
9776,1
9779,2
9781,1
9782,4
9787,4
9789,3
9793,0
9794,0
9797,1
9799,1
9802,1
9803,3
9806,1
9808,0
9809,3
9810,0
9815,4
9817,0
9818,0
9819,2
9821,4
9824,2
9825,3
9827,4
9828,1
9829,1
9832,1
9837,3
9838,4
9841,0
9842,0
9844,3
9845,2
9847,4
9848,3
9849,2
9851,3
9852,0
9853,3
9855,3
9862,1
9863,1
9864,0
9867,1
9868,4
9870,2
9871,3
9878,1
9879,3
9881,0
9883,2
9884,0
9887,3
9889,0
9890,3
9891,2
9895,3
9897,0
9901,4
9906,2
9907,2
9908,4
9918,2
9919,0
9922,3
9923,1
9928,2
9929,1
9930,3
9933,2
9937,2
9940,3
9942,3
9944,2
9945,3
9946,2
9947,0
9949,0
9951,1
9952,2
9953,1
9958,1
9960,4
9962,2
9964,1
9966,0
9967,0
9968,1
9971,4
9973,0
9974,0
9976,2
9978,4
9979,0
9981,4
9982,3
9983,2
9984,3
9988,0
9989,0
9993,0
9996,4
9998,2
9999,3
10000,2
10006,4
10007,0
10009,3
10010,2
10011,1
10013,4
10015,2
10016,1
10017,1
10018,0
10020,1
10021,2
10022,0
10024,4
10025,0
10026,0
10028,1
10031,1
10035,3
10036,1
10039,3
10040,4
10046,4
10047,3
10048,1
10049,1
10050,1
10051,2
10052,1
10053,4
10054,1
10056,1
10058,2
10061,3
10063,2
10066,0
10068,1
10070,0
10071,2
10073,2
10075,0
10076,2
10078,3
10082,3
10084,3
10085,1
10087,1
10088,1
10089,2
10091,3
10094,0
10095,0
10096,1
10097,2
10099,3
10102,4
10103,3
10104,0
10105,2
10107,1
10111,1
10112,1
10114,3
10116,0
10117,1
10119,2
10121,0
10122,1
10126,2
10127,4
10129,1
10131,1
10132,1
10133,2
10134,0
10135,1
10137,0
10138,4
10140,1
10141,4
10142,4
10144,3
10147,2
10151,1
10152,0
10154,4
10155,3
10158,3
10159,0
10161,1
10162,0
10164,0
10167,3
10168,2
10171,1
10172,2
10173,2
10174,1
10175,1
10177,1
10179,2
10181,2
10183,1
10184,1
10185,3
10186,3
10188,1
10189,0
10192,0
10198,2
10200,0
10202,1
10203,0
10205,2
10208,1
10210,1
10212,3
10215,1
10216,0
10220,1
10221,1
10225,3
10226,1
10229,1
10231,4
10234,2
10236,3
10238,3
10239,4
10243,2
10246,4
10248,1
10249,1
10250,2
10252,3
10255,4
10257,0
10259,0
10260,1
10261,3
10264,1
10266,4
10267,4
10271,2
10272,3
10273,2
10275,3
10277,2
10278,4
10283,1
10284,4
10285,2
10286,2
10287,3
10290,1
10299,2
10301,0
10302,0
10303,1
10304,3
10305,0
10307,0
10308,1
10309,0
10310,3
10313,2
10316,1
10318,1
10321,0
10325,3
10326,3
10327,2
10328,4
10330,0
10333,2
10334,2
10338,4
10339,3
10343,4
10346,1
10347,0
10351,2
10353,2
10357,0
10360,4
10362,0
10364,1
10365,1
10366,3
10367,0
10369,2
10370,4
10371,2
10373,4
10374,1
10375,0
10376,0
10380,3
10383,2
10384,1
10385,3
10386,4
10387,2
10388,3
10389,1
10390,1
10392,2
10393,3
10399,2
10401,2
10402,0
10404,1
10405,1
10407,0
10409,0
10411,2
10412,3
10414,0
10415,1
10420,2
10422,1
10425,0
10426,3
10427,2
10430,1
10433,0
10438,2
10439,1
10440,0
10442,3
10444,0
10445,1
10452,1
10454,2
10459,4
10460,3
10462,1
10463,2
10464,0
10467,1
10469,1
10473,1
10474,2
10476,0
10477,4
10479,3
10483,1
10485,3
10488,2
10489,2
10490,1
10491,2
10492,0
10500,2
10501,2
10503,3
10505,0
10506,3
10510,1
10516,1
10517,1
10518,3
10519,0
10520,3
10522,4
10523,0
10524,3
10527,3
10528,0
10531,0
10532,3
10533,2
10534,2
10535,2
10538,3
10539,4
10547,1
10549,3
10551,2
10552,0
10555,3
10556,2
10557,3
10558,0
10559,0
10560,0
10562,1
10566,3
10567,0
10570,3
10571,3
10572,0
10574,3
10576,1
10580,1
10583,1
10585,4
10586,3
10589,2
10590,4
10591,3
10592,3
10593,0
10595,0
10597,4
10599,0
10600,0
10602,1
10605,2
10606,1
10608,0
10609,1
10611,1
10613,3
10619,3
10621,0
10623,0
10625,0
10629,3
10630,1
10632,0
10637,2
10639,1
10642,3
10643,1
10644,0
10645,3
10646,3
10647,0
10649,2
10650,1
10652,3
10654,3
10655,4
10656,4
10657,3
10661,2
10663,4
10665,0
10666,3
10667,1
10668,2
10671,2
10675,4
10677,2
10678,3
10679,0
10680,3
10681,3
10684,0
10691,3
10693,0
10694,3
10695,0
10700,4
10702,1
10705,2
10706,2
10707,3
10708,3
10710,1
10711,1
10713,1
10716,0
10718,1
10721,1
10723,1
10724,3
10725,1
10731,3
10733,2
10734,4
10735,1
10737,2
10741,3
10743,2
10746,1
10748,0
10750,3
10753,0
10754,1
10755,4
10756,2
10757,0
10759,0
10760,2
10761,0
10762,1
10763,2
10764,2
10767,1
10769,0
10770,1
10772,0
10773,4
10774,2
10775,0
10777,0
10778,2
10781,0
10785,3
10794,4
10795,2
10799,1
10804,1
10805,1
10808,4
10811,1
10812,3
10816,3
10819,0
10820,1
10821,1
10822,0
10823,2
10824,0
10828,1
10830,0
10834,2
10835,4
10836,1
10837,3
10839,3
10840,1
10841,4
10842,3
10843,0
10849,3
10850,0
10851,0
10855,0
10856,3
10857,2
10858,3
10861,3
10863,0
10864,0
10865,2
10867,3
10869,0
10870,1
10872,1
10873,1
10875,1
10876,1
10877,2
10884,1
10886,3
10888,4
10889,4
10893,2
10897,1
10900,1
10902,0
10909,3
10912,1
10914,4
10915,4
10917,2
10919,3
10920,2
10922,4
10924,2
10932,1
10933,1
10935,1
10937,2
10938,3
10940,3
10941,3
10942,4
10943,0
10944,4
10945,3
10946,3
10947,3
10950,1
10952,3
10956,4
10957,1
10959,4
10960,4
10963,0
10964,0
10965,1
10966,0
10967,2
10969,2
10970,0
10973,2
10974,1
10976,2
10979,0
10982,4
10984,4
10985,1
10986,3
10987,3
10988,2
10994,4
10996,2
10997,0
11001,0
11002,0
11005,1
11007,3
11009,3
11010,1
11011,1
11013,1
11014,4
11016,2
11017,0
11018,1
11019,2
11021,1
11023,2
11025,1
11026,2
11027,0
11028,1
11032,2
11034,3
11035,3
11036,1
11039,0
11040,1
11043,2
11044,1
11045,3
11047,4
11048,2
11050,3
11051,3
11053,1
11056,0
11061,3
11062,4
11064,1
11065,1
11067,1
11069,0
11071,2
11073,2
11074,1
11080,0
11081,1
11085,0
11086,3
11087,2
11089,0
11091,4
11095,2
11097,3
11100,3
11101,0
11104,0
11105,2
11106,3
11108,1
11116,2
11117,2
11118,0
11119,3
11121,1
11122,2
11123,0
11125,3
11130,2
11132,1
11134,3
11136,3
11138,3
11139,4
11141,0
11143,0
11146,1
11151,2
11153,1
11155,4
11156,1
11158,1
11160,0
11162,2
11163,0
11164,2
11166,0
11167,2
11168,1
11169,4
11172,4
11175,0
11177,3
11179,1
11180,1
11182,2
11187,3
11188,3
11189,1
11194,3
11195,0
11196,0
11202,1
11206,4
11207,0
11212,3
11213,3
11214,2
11216,1
11220,1
11221,1
11223,4
11224,2
11225,1
11227,4
11228,1
11229,2
11233,4
11234,4
11236,0
11237,1
11238,0
11241,2
11243,2
11244,1
11250,0
11252,2
11253,3
11254,1
11255,2
11256,3
11258,2
11259,0
11262,3
11265,2
11268,0
11272,0
11276,2
11279,1
11281,3
11282,1
11283,1
11284,3
11285,2
11286,4
11290,2
11293,1
11295,0
11298,3
11299,2
11300,1
11301,3
11302,3
11303,4
11305,0
11310,1
11312,3
11314,0
11319,3
11321,0
11324,1
11325,1
11327,0
11328,0
11330,3
11332,2
11334,4
11335,2
11338,1
11346,1
11347,4
11349,1
11350,3
11353,0
11354,0
11355,0
11359,1
11361,4
11362,0
11365,4
11367,2
11373,1
11374,0
11377,4
11379,0
11380,2
11382,0
11384,2
11385,0
11386,3
11387,1
11390,3
11394,4
11395,1
11396,3
11397,1
11399,2
11400,1
11401,0
11403,1
11407,0
11408,4
11409,4
11411,0
11415,4
11416,4
11418,2
11419,3
11425,0
11426,2
11427,4
11428,1
11430,2
11431,3
11436,2
11437,0
11438,1
11439,2
11441,0
11442,3
11443,3
11444,1
11449,3
11455,2
11457,2
11458,0
11459,3
11460,0
11461,2
11464,4
11465,2
11466,1
11468,4
11470,1
11473,0
11474,1
11475,1
11476,2
11477,0
11478,1
11480,4
11481,1
11482,2
11483,4
11485,2
11488,3
11490,2
11491,0
11493,1
11499,3
11502,1
11503,0
11504,3
11505,4
11506,2
11508,2
11509,0
11511,2
11512,3
11513,0
11515,3
11516,1
11517,0
11520,1
11522,3
11523,0
11524,1
11525,1
11529,4
11531,1
11534,0
11538,0
11539,1
11544,1
11548,4
11549,4
11550,3
11551,4
11552,1
11553,2
11554,3
11555,1
11558,3
11559,3
11560,0
11561,2
11563,1
11564,1
11567,1
11568,1
11570,4
11571,4
11572,1
11573,3
11574,1
11576,1
11578,2
11579,4
11580,1
11582,3
11583,0
11586,2
11587,1
11588,2
11591,1
11593,0
11594,1
11595,1
11596,2
11597,1
11600,0
11601,3
11604,2
11607,2
11608,0
11609,0
11611,2
11612,3
11613,0
11615,1
11619,2
11621,2
11622,3
11623,0
11624,0
11625,1
11627,1
11628,3
11630,4
11632,4
11635,1
11636,4
11640,1
11642,1
11643,0
11644,3
11645,2
11647,1
11648,0
11649,2
11650,4
11652,0
11653,0
11656,1
11657,2
11658,2
11660,2
11661,2
11663,1
11664,3
11667,1
11668,3
11669,4
11671,1
11676,4
11681,1
11682,1
11683,2
11685,3
11693,0
11697,3
11699,2
11701,3
11702,3
11703,0
11712,0
11713,0
11714,4
11716,0
11718,2
11719,1
11721,3
11722,1
11728,3
11729,2
11734,0
11735,2
11736,0
11738,0
11739,3
11740,2
11741,4
11742,1
11745,1
11746,3
11749,2
11750,1
11753,1
11754,2
11755,1
11762,0
11764,1
11768,4
11770,0
11773,2
11774,4
11775,0
11776,1
11779,1
11780,0
11782,4
11783,2
11784,2
11789,2
11790,0
11793,0
11794,0
11796,3
11799,2
11800,2
11802,1
11804,4
11806,1
11808,1
11809,0
11811,1
11813,0
11817,1
11818,0
11824,2
11826,3
11827,0
11828,1
11830,3
11833,2
11835,2
11836,2
11838,1
11839,2
11842,3
11843,1
11844,4
11847,0
11850,3
11851,1
11852,2
11855,4
11856,0
11858,3
11859,3
11860,2
11861,4
11862,4
11864,0
11867,2
11868,1
11872,0
11873,1
11875,1
11877,4
11878,1
11883,0
11884,2
11888,2
11889,2
11890,3
11891,0
11898,1
11899,0
11906,2
11909,3
11910,2
11914,2
11917,1
11918,0
11921,0
11922,1
11923,3
11927,0
11928,3
11929,3
11932,0
11933,3
11935,0
11936,3
11940,0
11941,2
11943,2
11944,0
11946,1
11947,1
11949,3
11951,2
11953,2
11954,2
11956,3
11957,0
11958,0
11961,1
11962,2
11964,1
11965,2
11968,0
11969,3
11976,0
11978,1
11979,4
11982,4
11986,4
11988,4
11991,2
11992,0
11996,3
11997,0
11999,2
12002,0
12010,0
12013,3
12014,0
12015,2
12017,2
12018,3
12019,0
12020,1
12021,0
12023,2
12024,3
12026,3
12027,3
12028,4
12031,1
12034,2
12036,0
12037,2
12039,0
12040,0
12041,2
12042,1
12043,2
12046,1
12049,1
12050,2
12052,3
12057,4
12058,0
12059,2
12060,2
12061,1
12064,4
12065,2
12066,2
12068,3
12075,2
12077,1
12078,2
12079,2
12080,1
12081,1
12082,0
12084,0
12085,4
12088,3
12090,2
12093,0
12098,1
12099,3
12100,1
12101,2
12103,2
12104,0
12105,4
12106,2
12109,3
12110,2
12111,4
12113,1
12115,3
12117,1
12118,0
12120,2
12121,2
12122,2
12124,0
12129,2
12130,3
12132,3
12134,0
12136,0
12138,0
12139,1
12140,2
12142,1
12146,3
12149,2
12151,0
12154,2
12155,2
12157,3
12159,1
12160,4
12161,4
12162,2
12165,1
12166,3
12167,1
12168,1
12171,2
12172,4
12177,3
12178,3
12181,1
12182,0
12183,0
12184,4
12185,3
12188,1
12189,4
12192,2
12195,3
12196,3
12198,0
12200,4
12208,2
12209,2
12210,3
12211,3
12212,3
12213,3
12215,1
12216,4
12217,3
12218,2
12225,4
12226,4
12227,2
12228,2
12230,3
12234,4
12237,0
12239,1
12240,0
12241,3
12242,0
12245,1
12246,0
12249,4
12250,2
12253,4
12257,1
12258,0
12260,0
12261,4
12263,2
12264,2
12265,2
12267,2
12270,2
12271,0
12275,4
12281,2
12283,1
12285,0
12287,3
12288,4
12290,0
12292,0
12293,4
12294,2
12297,4
12298,0
12300,3
12301,0
12302,2
12303,0
12305,4
12307,1
12310,4
12312,2
12314,3
12317,0
12319,2
12324,4
12326,2
12327,0
12330,1
12331,4
12333,2
12340,0
12342,2
12343,1
12344,1
12346,3
12349,2
12350,2
12352,1
12353,1
12355,4
12358,2
12359,0
12360,4
12361,1
12363,2
12364,0
12369,1
12373,4
12375,3
12376,0
12377,0
12378,1
12379,1
12381,0
12382,0
12383,1
12385,0
12386,4
12387,0
12388,1
12392,1
12393,4
12394,4
12396,2
12397,4
12399,0
12402,4
12404,2
12406,3
12409,2
12414,1
12417,0
12418,3
12419,1
12421,2
12425,2
12427,2
12429,0
12430,0
12431,3
12432,3
12434,2
12438,1
12440,4
12444,0
12445,0
12446,3
12447,2
12448,3
12450,0
12452,2
12453,1
12456,1
12461,4
12462,4
12463,0
12466,2
12467,3
12468,2
12471,4
12473,1
12475,0
12478,0
12479,3
12485,3
12487,0
12489,4
12494,0
12497,1
12498,0
12503,2
12504,0
12505,2
12507,4
12508,3
12509,0
12510,0
12512,1
12515,2
12516,3
12517,0
12518,4
12523,2
12525,1
12526,3
12528,2
12529,0
12530,3
12531,2
12532,3
12534,1
12535,0
12536,0
12541,1
12544,0
12545,1
12547,3
12549,2
12551,0
12552,4
12555,2
12556,0
12557,0
12558,0
12562,0
12563,3
12564,0
12565,2
12570,2
12573,1
12574,1
12576,3
12577,0
12578,2
12579,4
12582,1
12585,1
12586,2
12592,1
12594,4
12595,1
12596,0
12599,2
12600,4
12601,3
12604,2
12608,3
12609,4
12610,4
12612,3
12615,0
12617,2
12622,1
12623,1
12626,0
12627,4
12629,0
12631,1
12634,4
12636,1
12639,3
12640,2
12643,2
12645,0
12646,2
12647,4
12650,0
12651,3
12656,0
12657,0
12663,4
12664,3
12665,1
12666,3
12667,2
12668,2
12669,3
12670,2
12671,2
12673,1
12674,0
12676,1
12677,2
12678,1
12679,1
12680,1
12681,2
12684,3
12685,4
12686,3
12687,3
12695,2
12696,0
12699,4
12703,0
12704,4
12705,1
12706,1
12707,1
12708,4
12710,0
12712,4
12713,1
12716,0
12718,3
12719,2
12723,0
12725,1
12727,0
12729,3
12731,1
12732,0
12734,0
12737,2
12738,2
12740,3
12741,1
12742,4
12743,1
12746,1
12749,1
12751,1
12753,1
12754,2
12755,0
12759,2
12761,1
12762,3
12763,1
12764,3
12766,4
12767,2
12769,3
12770,2
12773,2
12774,2
12776,0
12777,0
12781,1
12782,1
12785,2
12786,3
12787,1
12791,1
12792,2
12793,3
12795,2
12797,0
12798,1
12800,0
12801,0
12803,1
12805,2
12806,4
12808,2
12809,0
12812,0
12813,1
12816,2
12818,4
12819,3
12822,2
12823,2
12824,0
12825,3
12826,0
12827,4
12829,1
12831,1
12832,1
12833,0
12840,2
12843,2
12844,2
12845,3
12846,3
12847,1
12848,1
12849,3
12852,1
12853,1
12855,1
12857,0
12858,2
12860,0
12861,2
12862,3
12863,2
12864,1
12868,1
12871,1
12872,0
12873,0
12874,0
12879,4
12880,4
12884,4
12887,4
12889,0
12891,2
12893,3
12894,2
12895,4
12899,3
12901,0
12902,1
12904,2
12906,1
12907,1
12908,1
12909,4
12910,1
12911,1
12916,2
12918,1
12920,0
12921,3
12923,3
12924,1
12927,1
12931,1
12932,2
12933,2
12934,4
12936,1
12940,1
12942,2
12943,4
12944,1
12945,4
12947,0
12951,1
12953,1
12957,0
12958,1
12960,2
12962,2
12963,3
12968,1
12970,3
12972,4
12973,1
12974,3
12975,1
12976,1
12977,2
12980,1
12981,4
12982,4
12984,4
12985,1
12986,1
12989,2
12991,0
12992,2
12997,4
12999,3
13004,2
13006,0
13010,2
13014,0
13015,3
13020,0
13021,1
13024,3
13025,3
13027,4
13028,3
13031,1
13033,0
13034,0
13036,0
13038,0
13039,0
13041,0
13042,0
13043,2
13045,0
13047,0
13048,1
13052,2
13053,1
13054,3
13055,3
13058,0
13059,2
13061,0
13063,3
13064,0
13065,0
13069,3
13070,4
13071,2
13073,3
13075,0
13076,4
13077,1
13078,2
13080,2
13081,1
13085,2
13086,1
13089,2
13091,4
13093,0
13094,0
13096,1
13099,3
13102,0
13103,3
13104,0
13108,2
13109,1
13110,2
13114,0
13115,4
13116,4
13119,0
13120,0
13121,1
13123,3
13129,0
13130,0
13132,3
13136,4
13138,0
13139,2
13140,3
13142,0
13147,2
13149,1
13150,2
13153,1
13154,1
13155,0
13156,1
13158,2
13159,4
13161,4
13166,4
13170,1
13171,2
13173,3
13174,1
13177,1
13178,1
13179,1
13180,2
13181,0
13183,0
13186,1
13187,1
13188,0
13192,3
13194,0
13195,0
13196,0
13199,0
13200,1
13202,2
13204,1
13206,3
13207,0
13208,1
13210,1
13213,1
13215,1
13216,0
13220,3
13221,0
13222,3
13223,3
13224,1
13228,2
13231,2
13233,0
13235,3
13236,1
13238,0
13239,2
13240,2
13243,1
13247,4
13248,3
13249,0
13251,1
13252,1
13254,4
13255,0
13258,2
13259,1
13261,2
13264,0
13269,4
13270,1
13274,0
13276,2
13277,2
13279,1
13280,2
13281,1
13283,2
13286,3
13289,3
13292,1
13295,2
13296,1
13303,3
13305,2
13308,3
13309,4
13310,0
13313,1
13314,2
13316,3
13318,2
13320,3
13323,0
13325,2
13326,0
13335,4
13336,1
13338,1
13342,3
13344,0
13345,0
13348,1
13351,4
13354,2
13356,2
13359,1
13365,2
13366,3
13367,2
13371,1
13374,4
13375,4
13376,0
13377,3
13378,0
13379,0
13380,3
13382,0
13383,1
13384,3
13385,3
13388,1
13391,0
13392,1
13395,0
13398,2
13399,1
13402,4
13403,2
13404,3
13407,2
13408,3
13412,3
13413,3
13414,3
13415,1
13416,0
13417,1
13419,0
13426,2
13428,1
13432,0
13433,1
13434,4
13436,2
13437,0
13439,0
13441,3
13442,1
13445,2
13446,1
13448,0
13450,3
13454,2
13458,1
13460,2
13461,3
13462,0
13463,1
13464,0
13465,3
13466,0
13467,2
13469,3
13470,0
13472,3
13475,2
13476,1
13477,3
13479,2
13480,0
13481,1
13483,3
13488,0
13490,2
13494,1
13496,3
13497,4
13502,4
13505,1
13507,1
13508,4
13509,3
13511,0
13513,2
13514,0
13515,0
13516,1
13518,2
13520,1
13521,1
13522,0
13525,3
13527,3
13528,1
13533,0
13535,0
13542,3
13543,3
13545,3
13546,2
13548,3
13550,3
13551,1
13552,1
13554,1
13555,3
13559,2
13560,1
13561,4
13562,3
13563,3
13565,3
13566,4
13567,3
13568,3
13574,3
13575,3
13580,1
13581,3
13582,0
13583,0
13584,2
13585,0
13590,2
13592,0
13593,1
13595,3
13599,0
13600,3
13602,1
13604,4
13605,1
13606,2
13609,2
13610,2
13611,1
13614,1
13615,0
13616,3
13617,1
13619,2
13631,1
13632,3
13633,4
13634,1
13635,4
13636,1
13637,0
13639,0
13642,3
13643,1
13645,0
13646,1
13648,3
13649,3
13651,4
13653,3
13654,2
13655,2
13656,1
13657,1
13659,2
13660,3
13661,1
13663,0
13666,2
13667,0
13670,3
13672,3
13674,0
13675,0
13680,1
13681,1
13682,0
13683,0
13684,0
13687,1
13688,0
13692,0
13694,2
13696,0
13698,2
13700,1
13701,2
13706,1
13707,3
13709,1
13710,2
13711,0
13712,4
13713,1
13714,4
13718,1
13719,1
13721,1
13722,2
13724,1
13730,2
13732,3
13733,0
13734,1
13735,1
13737,0
13738,1
13744,2
13747,0
13753,2
13755,1
13756,4
13757,1
13759,2
13762,3
13764,4
13765,0
13766,0
13769,1
13770,2
13772,1
13774,0
13776,1
13777,2
13783,3
13785,0
13786,3
13787,1
13788,2
13789,2
13791,4
13793,1
13794,1
13795,0
13797,4
13798,3
13799,2
13800,2
13801,1
13802,0
13803,1
13805,0
13806,1
13808,3
13810,2
13811,2
13812,4
13814,3
13816,1
13817,0
13818,4
13819,4
13822,1
13823,1
13824,2
13826,1
13827,1
13828,2
13830,4
13831,3
13834,0
13836,3
13837,3
13838,3
13839,3
13840,2
13845,2
13847,1
13848,2
13849,0
13850,1
13851,3
13852,1
13857,0
13858,4
13859,1
13860,1
13863,0
13864,2
13865,0
13866,1
13867,4
13869,4
13870,0
13871,3
13874,3
13875,3
13879,1
13881,2
13883,1
13884,1
13889,3
13891,0
13892,4
13894,1
13895,1
13896,1
13898,0
13899,2
13901,2
13904,1
13909,2
13912,0
13914,3
13915,1
13918,0
13926,0
13928,1
13929,1
13930,4
13931,0
13932,0
13935,2
13936,3
13937,3
13939,3
13940,2
13942,0
13945,0
13947,3
13948,1
13951,4
13953,2
13955,3
13956,0
13957,0
13958,0
13960,2
13963,2
13965,2
13967,0
13969,0
13971,0
13972,0
13975,2
13979,1
13980,3
13981,1
13982,0
13983,2
13987,2
13989,0
13991,0
13993,2
13994,1
13995,0
13997,0
13998,2
13999,3
14000,4
14003,0
14007,2
14008,0
14009,4
14010,2
14011,2
14014,0
14015,0
14016,3
14017,2
14019,0
14020,3
14026,1
14027,2
14030,3
14031,1
14035,0
14037,4
14038,0
14040,0
14042,2
14043,2
14045,0
14049,2
14051,2
14053,1
14054,0
14055,2
14057,3
14060,4
14063,3
14067,4
14070,2
14072,1
14075,2
14076,4
14077,3
14078,2
14079,3
14081,1
14085,0
14086,0
14089,2
14091,3
14095,1
14097,1
14100,1
14103,1
14106,1
14107,2
14109,0
14112,1
14113,0
14115,3
14116,3
14117,2
14120,0
14121,4
14122,0
14124,2
14126,2
14127,3
14128,0
14129,4
14132,1
14133,0
14135,3
14136,0
14144,3
14145,2
14147,0
14148,0
14149,2
14150,2
14153,4
14155,1
14158,2
14159,1
14161,4
14164,0
14167,1
14168,0
14169,3
14172,4
14173,0
14176,3
14177,3
14180,0
14183,0
14185,3
14187,4
14188,2
14190,1
14193,1
14194,1
14196,0
14198,4
14200,3
14201,0
14203,0
14204,3
14205,3
14206,4
14207,1
14208,4
14212,1
14213,4
14214,3
14216,1
14217,4
14222,1
14226,3
14227,0
14230,0
14232,1
14233,3
14240,2
14242,1
14248,0
14249,3
14250,3
14252,2
14253,2
14254,2
14255,4
14257,2
14260,1
14263,1
14265,4
14266,0
14268,2
14271,4
14275,2
14276,4
14277,3
14284,1
14285,2
14287,0
14288,0
14292,3
14294,1
14295,3
14297,4
14300,4
14301,1
14303,0
14308,2
14309,0
14311,0
14313,4
14315,0
14316,1
14319,1
14320,0
14321,2
14324,4
14325,0
14326,3
14327,3
14329,3
14331,3
14334,2
14338,4
14339,1
14341,4
14342,2
14344,2
14347,0
14348,4
14349,3
14352,1
14357,3
14358,3
14361,2
14362,0
14364,3
14369,3
14372,0
14374,3
14376,2
14379,0
14381,2
14382,4
14385,0
14386,2
14387,0
14388,0
14390,1
14391,4
14392,2
14393,1
14395,2
14397,2
14400,3
14401,3
14404,4
14406,4
14408,3
14409,0
14410,4
14411,1
14412,3
14414,3
14415,4
14417,0
14419,1
14421,1
14423,0
14426,0
14427,0
14433,1
14438,1
14439,1
14440,2
14441,0
14442,4
14445,2
14446,3
14447,0
14450,3
14453,1
14455,0
14458,2
14459,2
14462,4
14467,3
14468,3
14471,2
14472,2
14475,1
14476,2
14480,0
14482,2
14484,1
14485,0
14486,4
14487,2
14489,2
14490,1
14492,0
14493,0
14497,3
14498,1
14500,0
14501,4
14503,4
14505,3
14506,3
14507,1
14512,4
14514,1
14515,2
14516,4
14520,0
14521,3
14522,4
14525,3
14530,2
14532,0
14534,1
14535,2
14536,2
14539,3
14540,1
14543,0
14544,2
14547,4
14552,4
14553,2
14557,4
14559,1
14561,2
14566,1
14567,3
14568,1
14572,2
14573,3
14574,3
14580,1
14581,3
14583,2
14585,3
14586,1
14590,1
14591,0
14594,0
14598,0
14600,3
14601,0
14608,3
14609,2
14612,0
14613,1
14614,3
14616,2
14617,0
14618,2
14619,1
14620,0
14621,4
14623,0
14625,2
14626,1
14628,1
14631,3
14632,1
14633,2
14634,2
14636,2
14637,3
14640,0
14641,3
14645,3
14646,1
14650,1
14655,2
14665,4
14666,0
14668,3
14669,1
14670,0
14672,2
14674,2
14676,4
14677,1
14678,0
14679,2
14681,2
14682,2
14684,2
14685,0
14691,4
14693,2
14694,0
14697,3
14700,1
14703,1
14707,2
14708,3
14709,2
14710,3
14716,4
14717,2
14720,3
14721,2
14723,3
14724,2
14725,4
14727,4
14728,3
14730,1
14732,0
14733,3
14735,4
14736,1
14737,3
14741,4
14743,4
14744,1
14750,0
14753,1
14754,3
14755,0
14756,4
14757,0
14759,4
14764,0
14766,2
14767,0
14771,1
14774,1
14775,4
14776,4
14777,1
14778,2
14779,0
14782,0
14783,0
14784,1
14786,0
14787,4
14789,1
14792,2
14793,1
14794,3
14798,4
14800,1
14802,3
14803,2
14805,1
14807,1
14809,2
14810,4
14812,1
14813,3
14814,4
14815,3
14817,4
14818,2
14822,0
14824,1
14825,3
14826,3
14827,1
14828,1
14830,2
14831,3
14832,0
14833,0
14834,4
14835,1
14837,2
14840,3
14841,1
14842,2
14843,2
14844,2
14848,1
14850,3
14853,1
14855,1
14862,2
14865,1
14866,1
14867,0
14868,2
14869,0
14870,0
14871,1
14874,0
14875,0
14877,1
14883,4
14886,3
14887,2
14888,2
14895,1
14896,0
14897,0
14901,3
14902,1
14904,1
14906,0
14907,3
14909,3
14911,3
14913,4
14917,3
14918,2
14921,1
14924,4
14925,4
14927,0
14929,0
14930,1
14932,0
14933,2
14934,4
14936,4
14937,1
14939,1
14941,3
14942,2
14949,3
14950,2
14953,0
14954,1
14955,1
14956,2
14957,1
14958,0
14959,0
14963,0
14965,3
14967,0
14969,2
14970,4
14971,4
14972,2
14973,3
14974,3
14980,0
14981,0
14982,0
14984,0
14986,0
14987,0
14988,0
14989,0
14992,2
14993,1
14996,4
14999,3
15000,3
15002,3
15004,4
15005,4
15007,1
15008,1
15010,0
15014,1
15016,0
15017,4
15018,4
15021,1
15022,2
15024,2
15029,3
15030,4
15034,2
15035,1
15038,0
15040,3
15043,0
15048,1
15049,2
15051,2
15052,1
15053,3
15054,0
15057,2
15058,2
15059,3
15060,1
15064,3
15065,4
15068,3
15074,1
15076,3
15077,0
15078,0
15083,2
15085,3
15086,1
15091,4
15094,4
15095,1
15099,2
15100,3
15102,2
15103,2
15104,2
15106,0
15107,0
15109,0
15111,2
15112,0
15114,0
15116,0
15117,0
15118,2
15119,3
15120,0
15122,1
15124,1
15130,0
15134,4
15137,1
15139,0
15140,4
15142,1
15143,2
15144,3
15148,1
15149,4
15151,1
15152,4
15153,1
15154,0
15155,0
15158,4
15160,2
15161,4
15163,0
15168,0
15170,0
15172,2
15174,0
15176,3
15177,0
15178,1
15179,3
15180,1
15181,4
15182,3
15183,2
15184,3
15185,4
15187,0
15190,3
15191,2
15192,1
15194,3
15196,1
15197,0
15198,4
15199,4
15201,1
15206,1
15207,1
15208,3
15212,1
15214,2
15215,2
15217,2
15218,3
15219,1
15220,0
15221,0
15223,3
15224,1
15230,2
15231,1
15234,0
15235,4
15236,4
15238,4
15239,2
15240,0
15241,3
15242,4
15249,3
15252,3
15253,4
15254,0
15256,3
15258,1
15260,0
15261,3
15262,0
15263,3
15264,0
15265,4
15267,2
15270,1
15272,2
15273,2
15275,3
15276,2
15277,2
15281,0
15286,1
15287,3
15288,0
15290,2
15291,2
15292,0
15293,2
15295,1
15297,3
15301,3
15303,1
15305,3
15306,0
15313,1
15314,2
15318,1
15319,0
15322,2
15323,0
15324,0
15327,0
15328,1
15329,1
15331,3
15332,1
15336,4
15339,1
15341,3
15343,1
15348,3
15353,1
15354,3
15358,0
15359,0
15360,0
15365,4
15369,3
15370,2
15371,3
15373,1
15375,0
15380,4
15386,0
15389,3
15391,0
15392,0
15400,2
15405,0
15406,3
15408,2
15410,2
15411,1
15413,0
15415,3
15418,3
15419,2
15420,0
15421,1
15423,2
15425,2
15426,3
15427,3
15429,3
15433,2
15434,2
15436,2
15438,1
15439,1
15444,0
15445,2
15446,0
15449,3
15450,0
15455,3
15456,0
15458,2
15460,2
15466,2
15467,0
15472,2
15473,3
15475,2
15478,1
15480,3
15486,0
15488,2
15490,2
15491,0
15492,0
15493,0
15494,3
15495,0
15499,2
15502,2
15504,3
15510,0
15511,2
15512,2
15516,1
15517,3
15527,2
15528,3
15530,2
15531,3
15534,3
15536,2
15537,0
15538,0
15539,0
15540,0
15541,0
15542,3
15543,0
15546,1
15547,3
15553,1
15556,2
15560,0
15561,4
15562,0
15564,2
15565,4
15569,3
15571,1
15573,3
15574,3
15575,2
15576,0
15577,2
15579,1
15580,3
15581,0
15582,0
15583,1
15586,1
15588,0
15590,2
15591,3
15596,1
15597,0
15599,2
15601,2
15605,0
15616,0
15617,0
15620,2
15623,4
15626,0
15628,2
15629,0
15630,1
15632,0
15634,1
15636,2
15639,2
15640,0
15641,1
15647,3
15648,0
15649,1
15650,4
15652,1
15653,2
15656,4
15658,0
15659,0
15660,4
15662,0
15663,0
15667,3
15670,4
15672,2
15676,0
15678,1
15681,0
15682,0
15683,0
15684,1
15685,1
15686,0
15688,0
15689,2
15692,1
15693,1
15694,2
15698,3
15699,0
15702,1
15705,2
15706,3
15709,0
15713,0
15714,1
15718,2
15721,0
15723,3
15726,2
15729,2
15732,1
15733,0
15735,0
15736,3
15738,1
15741,0
15743,1
15745,4
15747,0
15750,3
15753,2
15754,3
15757,2
15758,2
15761,1
15763,0
15764,3
15765,0
15770,4
15774,3
15779,2
15780,3
15781,0
15782,1
15783,3
15785,0
15786,2
15787,0
15788,2
15790,4
15797,0
15798,3
15801,0
15804,1
15807,3
15808,1
15809,3
15810,3
15811,2
15813,3
15814,2
15815,4
15818,1
15819,4
15821,0
15824,1
15826,4
15827,4
15829,4
15832,0
15833,1
15835,0
15837,4
15838,4
15839,1
15840,3
15841,0
15845,2
15846,1
15847,0
15850,0
15851,2
15852,4
15853,1
15855,3
15857,1
15858,1
15862,2
15867,2
15870,2
15873,0
15880,0
15881,1
15882,2
15883,2
15884,1
15885,1
15888,1
15889,2
15892,2
15893,3
15894,0
15896,2
15897,1
15899,0
15901,0
15902,2
15905,3
15907,3
15910,1
15911,2
15912,4
15914,4
15915,0
15916,3
15917,3
15918,0
15919,2
15924,4
15925,2
15926,0
15927,2
15928,4
15930,2
15931,4
15933,4
15937,2
15938,0
15939,3
15941,2
15942,3
15944,2
15949,1
15951,0
15954,1
15959,2
15960,1
15961,1
15962,3
15963,2
15964,0
15967,1
15970,3
15971,0
15972,4
15973,4
15974,3
15976,4
15978,1
15979,0
15980,2
15983,3
15984,1
15986,2
15987,1
15988,0
15995,1
15996,0
15997,1
15998,2
16000,1
16001,3
16004,0
16008,1
16011,0
16013,0
16014,0
16021,2
16022,1
16025,2
16026,2
16029,1
16030,4
16031,1
16032,1
16037,0
16044,1
16049,1
16052,1
16054,4
16056,1
16057,1
16058,2
16061,2
16063,2
16064,2
16065,2
16066,0
16067,0
16070,0
16071,2
16075,3
16076,1
16077,0
16078,2
16080,0
16083,1
16098,1
16099,0
16100,1
16101,0
16103,1
16104,0
16106,2
16109,2
16110,2
16111,2
16114,0
16116,3
16119,4
16121,3
16123,0
16124,0
16126,2
16127,3
16129,0
16130,3
16131,2
16132,0
16134,2
16135,1
16139,1
16141,3
16143,0
16144,1
16145,0
16146,0
16147,4
16150,1
16151,3
16154,2
16157,2
16158,2
16159,1
16160,2
16161,4
16163,0
16166,0
16168,1
16169,0
16170,0
16174,4
16175,1
16176,1
16179,4
16181,2
16183,2
16184,3
16185,0
16186,1
16187,3
16190,1
16191,0
16192,3
16195,1
16199,1
16201,1
16202,1
16203,4
16206,1
16210,0
16211,0
16214,0
16216,3
16218,1
16220,1
16227,2
16232,3
16233,2
16237,3
16238,4
16239,2
16240,2
16241,1
16242,0
16245,1
16249,4
16254,2
16255,0
16257,1
16259,1
16260,1
16265,0
16267,1
16268,3
16270,1
16271,2
16272,4
16273,0
16274,2
16275,2
16277,2
16278,1
16279,4
16280,2
16282,2
16283,3
16287,4
16289,2
16292,3
16293,1
16294,0
16295,2
16296,1
16297,2
16300,1
16303,1
16306,2
16307,2
16308,4
16311,2
16312,1
16316,1
16317,3
16320,2
16321,0
16322,2
16323,3
16324,1
16326,0
16327,2
16329,1
16333,0
16334,3
16335,2
16337,1
16338,2
16340,0
16342,2
16343,0
16345,2
16348,4
16353,0
16354,0
16356,2
16358,0
16359,1
16363,1
16366,0
16368,0
16369,0
16370,3
16371,1
16372,2
16373,2
16374,0
16375,1
16380,3
16382,0
16383,3
16387,3
16391,3
16394,2
16397,1
16398,1
16399,1
16407,3
16408,3
16412,2
16413,4
16415,4
16419,1
16421,2
16424,0
16425,0
16428,2
16431,4
16434,4
16436,1
16438,2
16441,2
16443,2
16445,1
16447,4
16448,1
16451,1
16452,2
16456,4
16457,3
16459,1
16460,3
16467,2
16468,0
16469,2
16470,2
16471,0
16472,3
16474,2
16476,0
16477,1
16478,0
16480,1
16483,4
16484,3
16486,3
16489,3
16494,1
16495,3
16498,0
16499,3
16500,1
16501,1
16503,3
16506,1
16514,2
16517,3
16519,2
16520,3
16521,3
16524,1
16525,0
16527,4
16530,1
16534,2
16535,2
16537,0
16538,3
16539,1
16542,2
16544,3
16546,4
16547,4
16549,2
16550,3
16554,3
16557,2
16563,4
16568,3
16569,4
16570,4
16573,4
16574,0
16575,4
16577,3
16581,1
16582,0
16584,1
16592,2
16595,4
16596,4
16598,4
16600,4
16601,0
16602,0
16603,1
16604,0
16605,0
16606,0
16608,0
16609,3
16610,0
16612,3
16614,2
16616,0
16617,2
16618,1
16620,3
16622,2
16623,2
16627,1
16628,1
16629,4
16630,0
16635,1
16636,4
16637,2
16639,3
16641,0
16643,1
16645,4
16647,3
16648,3
16650,1
16651,1
16654,1
16656,3
16657,0
16664,3
16668,1
16669,3
16670,1
16672,0
16673,3
16674,0
16675,3
16677,0
16681,3
16682,2
16683,1
16684,4
16685,0
16688,3
16690,2
16691,3
16692,2
16693,0
16694,1
16695,1
16697,3
16698,4
16701,1
16703,3
16704,2
16705,2
16706,1
16708,4
16709,2
16710,2
16714,0
16716,0
16718,3
16719,2
16721,0
16728,3
16730,2
16731,0
16732,1
16736,1
16737,4
16738,3
16739,2
16740,1
16741,0
16743,3
16745,0
16746,4
16750,0
16751,2
16753,0
16758,2
16760,3
16762,1
16763,4
16765,0
16766,3
16767,1
16768,4
16770,1
16776,3
16777,3
16778,3
16779,0
16781,2
16783,0
16786,0
16787,1
16789,0
16790,1
16795,1
16797,2
16798,4
16799,2
16800,0
16801,4
16802,1
16803,0
16806,3
16807,0
16815,3
16818,0
16819,4
16820,2
16822,2
16823,1
16824,3
16827,3
16829,0
16831,4
16836,0
16837,4
16839,2
16840,1
16841,1
16843,1
16844,0
16845,3
16849,4
16851,1
16852,0
16854,3
16857,0
16858,0
16859,4
16861,2
16862,0
16864,0
16866,0
16868,4
16869,1
16872,3
16874,0
16875,1
16877,2
16878,1
16880,4
16882,3
16885,2
16887,4
16888,0
16890,3
16893,1
16899,2
16903,3
16905,0
16909,1
16914,1
16918,4
16923,4
16924,0
16926,3
16935,1
16936,3
16937,4
16939,4
16940,2
16941,2
16943,2
16944,0
16945,1
16946,0
16947,1
16951,2
16952,3
16953,0
16954,1
16955,0
16957,3
16959,3
16963,3
16967,0
16969,1
16970,3
16971,0
16973,4
16974,1
16975,4
16977,0
16979,2
16982,0
16983,4
16984,2
16985,2
16986,0
16987,2
16988,0
16993,4
16996,3
16997,0
16999,1
17001,2
17002,3
17004,2
17007,0
17009,3
17010,2
17012,4
17015,2
17020,1
17021,1
17022,3
17024,0
17025,1
17027,4
17030,1
17031,3
17037,1
17038,0
17039,2
17042,2
17045,3
17046,3
17048,3
17049,3
17053,0
17054,4
17056,3
17057,2
17058,2
17059,0
17061,3
17062,0
17065,2
17070,4
17073,2
17074,0
17076,1
17080,2
17083,3
17084,2
17088,0
17095,0
17097,0
17100,2
17103,2
17104,4
17105,2
17106,3
17107,3
17108,3
17110,0
17111,1
17113,4
17114,4
17117,2
17118,3
17119,2
17120,0
17121,2
17122,1
17127,4
17128,3
17129,0
17130,1
17131,1
17133,4
17134,3
17138,4
17139,3
17143,2
17151,3
17152,0
17153,0
17154,3
17157,0
17163,0
17168,4
17173,4
17178,1
17180,1
17186,0
17189,1
17191,3
17193,1
17195,4
17198,3
17199,4
17200,4
17201,2
17202,1
17204,2
17206,2
17207,0
17212,2
17213,0
17216,1
17220,2
17221,0
17222,3
17224,3
17226,0
17227,0
17232,0
17233,3
17234,0
17236,2
17238,3
17241,2
17242,3
17244,3
17245,0
17247,3
17248,0
17249,1
17251,2
17252,1
17253,0
17254,4
17256,0
17257,1
17261,4
17262,2
17263,4
17265,0
17267,0
17268,4
17272,2
17273,1
17277,4
17280,2
17281,4
17285,2
17287,1
17290,3
17291,3
17293,0
17294,3
17295,3
17296,1
17298,1
17300,1
17301,4
17307,1
17309,2
17311,1
17312,1
17313,0
17317,1
17318,0
17319,1
17320,0
17321,3
17324,1
17325,3
17328,2
17329,1
17331,0
17332,1
17333,4
17334,0
17335,3
17338,2
17341,3
17342,2
17344,4
17345,4
17346,2
17348,1
17350,4
17352,1
17353,4
17354,0
17356,0
17358,4
17359,4
17360,2
17361,0
17362,2
17363,2
17365,3
17369,2
17370,2
17373,0
17374,1
17380,1
17382,0
17389,3
17394,1
17398,0
17399,3
17404,2
17405,0
17406,2
17408,3
17409,0
17410,2
17412,2
17414,3
17417,3
17419,4
17421,0
17422,1
17423,1
17424,0
17427,1
17429,3
17430,2
17435,3
17436,3
17438,1
17440,1
17441,3
17442,3
17443,1
17444,4
17445,3
17446,2
17448,1
17451,3
17453,0
17455,0
17456,0
17458,1
17461,2
17463,2
17464,2
17467,0
17468,2
17469,4
17470,1
17472,2
17473,1
17476,0
17477,2
17480,1
17481,1
17482,1
17484,0
17485,1
17487,3
17488,0
17490,2
17491,3
17492,3
17493,2
17494,2
17497,1
17498,3
17499,4
17500,0
17502,2
17506,2
17508,3
17509,4
17510,1
17513,1
17518,4
17522,1
17525,3
17527,2
17528,1
17534,2
17536,1
17539,1
17540,0
17542,1
17544,4
17545,0
17548,4
17549,3
17554,1
17555,3
17556,2
17557,2
17561,4
17564,2
17565,1
17566,2
17567,1
17570,3
17574,3
17576,2
17577,2
17578,3
17582,1
17583,1
17584,1
17585,2
17586,2
17588,1
17589,2
17594,2
17595,2
17596,1
17598,2
17599,0
17600,1
17601,2
17603,4
17606,0
17607,4
17608,3
17612,1
17613,2
17615,1
17616,0
17617,2
17619,2
17620,1
17622,4
17624,0
17627,2
17629,0
17631,3
17634,4
17639,2
17640,2
17641,2
17642,3
17643,0
17644,1
17646,0
17647,2
17653,3
17656,2
17659,4
17660,4
17661,0
17664,0
17665,0
17666,0
17667,1
17668,0
17669,2
17671,2
17674,0
17675,2
17678,0
17679,2
17680,0
17682,1
17683,4
17684,3
17688,4
17693,3
17695,2
17697,2
17698,4
17700,3
17701,1
17703,2
17704,0
17706,4
17707,0
17708,4
17712,0
17713,3
17715,1
17719,1
17721,2
17722,1
17727,1
17732,0
17733,4
17738,1
17741,4
17742,0
17744,0
17745,4
17750,0
17755,4
17756,1
17758,1
17762,2
17763,0
17766,1
17768,2
17769,3
17776,2
17783,2
17785,1
17786,1
17787,4
17789,0
17792,2
17793,4
17796,4
17797,1
17798,4
17800,0
17802,1
17803,1
17806,2
17807,0
17808,4
17809,0
17811,0
17812,2
17813,0
17816,2
17817,0
17818,4
17820,0
17827,1
17828,4
17829,0
17831,3
17832,4
17833,3
17834,4
17835,1
17836,2
17837,2
17840,0
17841,1
17842,1
17843,3
17844,2
17846,2
17848,0
17850,2
17851,2
17852,2
17854,1
17855,3
17858,0
17860,2
17861,0
17862,0
17864,0
17870,3
17872,0
17873,2
17875,3
17876,0
17878,2
17879,1
17884,2
17887,4
17888,2
17890,3
17891,4
17894,1
17895,2
17896,4
17897,3
17898,2
17899,2
17900,2
17902,3
17903,4
17908,2
17910,1
17913,2
17914,3
17919,2
17921,0
17922,0
17924,3
17926,3
17928,2
17933,3
17935,0
17938,3
17941,2
17942,0
17944,1
17946,3
17948,4
17950,4
17952,4
17954,4
17958,4
17959,4
17962,2
17963,0
17965,3
17966,3
17968,1
17971,1
17972,1
17975,0
17976,1
17979,1
17980,1
17981,1
17986,4
17988,0
17989,2
17992,4
17993,4
17995,3
17996,1
17998,1
17999,1
18002,0
18004,1
18008,4
18009,0
18012,2
18016,4
18017,1
18019,3
18020,0
18025,1
18026,1
18027,1
18029,0
18031,4
18032,3
18033,4
18034,0
18039,2
18040,1
18042,3
18043,0
18044,3
18049,3
18050,0
18052,2
18059,1
18062,1
18064,2
18065,0
18067,3
18072,2
18073,0
18074,4
18075,0
18077,1
18080,0
18081,0
18082,3
18083,4
18084,0
18085,3
18086,1
18089,0
18090,1
18092,2
18094,0
18097,0
18098,2
18102,2
18103,1
18107,0
18108,1
18109,3
18110,3
18113,2
18115,0
18116,1
18117,1
18118,1
18120,0
18122,3
18123,1
18125,1
18126,3
18127,1
18128,3
18129,1
18130,0
18132,1
18134,3
18136,0
18140,1
18142,0
18144,2
18148,4
18150,3
18154,4
18156,0
18158,0
18163,3
18166,2
18168,2
18172,0
18173,0
18175,0
18176,1
18178,2
18179,0
18181,1
18182,4
18183,3
18187,3
18188,0
18189,4
18190,3
18191,0
18195,3
18196,2
18200,2
18201,1
18208,2
18209,1
18210,1
18217,4
18219,3
18222,2
18223,3
18225,3
18226,3
18227,3
18228,0
18229,1
18230,4
18234,4
18235,0
18236,1
18238,0
18240,1
18244,1
18246,0
18247,1
18248,4
18249,1
18251,3
18253,1
18260,1
18261,3
18262,0
18264,2
18266,2
18269,0
18270,1
18273,0
18275,3
18277,0
18279,2
18280,1
18281,2
18283,3
18284,1
18285,2
18287,3
18288,2
18290,3
18291,0
18292,1
18293,2
18296,3
18297,4
18298,0
18302,1
18304,3
18305,0
18306,3
18308,2
18312,0
18314,2
18315,3
18320,1
18323,3
18324,1
18326,2
18329,4
18330,2
18332,4
18334,3
18335,4
18337,4
18338,1
18339,2
18344,1
18345,1
18346,1
18348,0
18349,1
18350,0
18353,0
18354,2
18356,0
18360,3
18363,0
18364,3
18365,3
18366,2
18367,3
18369,0
18370,1
18371,1
18372,2
18373,2
18374,4
18375,1
18381,1
18384,0
18385,4
18387,0
18388,2
18390,1
18391,4
18393,0
18394,0
18395,2
18399,4
18401,1
18404,3
18405,3
18406,3
18407,0
18409,2
18410,0
18413,1
18417,3
18424,0
18425,4
18428,0
18431,2
18433,3
18434,2
18435,2
18436,0
18437,1
18438,0
18441,1
18444,4
18445,0
18446,1
18448,2
18450,2
18451,0
18452,1
18454,0
18458,1
18459,1
18463,0
18465,2
18474,0
18475,1
18476,1
18477,0
18478,2
18480,3
18485,0
18489,2
18490,2
18491,1
18493,0
18494,3
18495,0
18498,0
18499,4
18506,3
18507,1
18509,0
18512,2
18513,4
18515,1
18517,3
18521,4
18523,0
18526,3
18527,0
18528,3
18530,3
18531,3
18534,1
18535,3
18536,4
18537,2
18538,0
18539,4
18540,2
18547,1
18548,1
18551,2
18552,1
18554,0
18556,0
18557,3
18558,3
18563,2
18565,1
18567,1
18569,2
18570,1
18572,0
18576,3
18578,0
18579,0
18582,3
18584,1
18585,2
18586,2
18588,2
18589,2
18590,2
18591,1
18592,3
18593,4
18596,2
18597,0
18598,1
18599,2
18600,2
18602,1
18603,0
18607,3
18610,1
18611,2
18614,3
18615,0
18616,0
18617,3
18619,2
18622,1
18624,0
18625,0
18626,4
18629,3
18631,1
18634,2
18636,3
18639,4
18640,4
18641,2
18642,2
18643,2
18644,1
18645,0
18654,3
18658,1
18660,2
18661,2
18662,4
18664,0
18668,0
18669,1
18670,4
18673,1
18674,3
18677,2
18680,0
18681,3
18682,3
18683,1
18685,0
18686,3
18691,0
18693,3
18695,1
18696,1
18697,0
18701,3
18702,1
18703,1
18704,4
18706,0
18711,0
18713,2
18715,2
18721,2
18727,3
18728,2
18730,3
18733,0
18736,3
18738,2
18742,1
18745,4
18746,2
18747,2
18748,4
18749,3
18752,0
18753,1
18754,3
18755,2
18757,0
18758,3
18759,3
18761,0
18762,2
18764,2
18768,0
18771,2
18772,2
18773,3
18774,4
18776,0
18778,3
18780,0
18781,0
18783,0
18785,4
18789,2
18793,1
18794,4
18796,3
18798,0
18800,0
18801,2
18802,1
18806,0
18809,2
18810,2
18813,2
18817,2
18818,2
18823,0
18827,0
18830,0
18831,3
18832,2
18833,2
18834,1
18835,2
18836,0
18837,1
18849,0
18852,0
18853,3
18857,2
18862,2
18863,1
18864,0
18867,2
18869,4
18871,0
18876,0
18877,3
18878,1
18880,4
18881,4
18882,2
18885,2
18886,2
18888,0
18892,3
18893,3
18894,2
18901,0
18902,4
18905,2
18906,0
18907,0
18908,4
18911,4
18914,1
18917,0
18918,1
18919,3
18920,2
18921,1
18922,1
18929,2
18930,1
18932,0
18934,3
18936,1
18937,3
18938,2
18940,0
18942,1
18944,2
18946,1
18948,1
18949,4
18951,1
18953,1
18954,1
18956,2
18958,4
18960,3
18964,2
18965,3
18966,1
18967,1
18969,1
18971,1
18974,1
18975,3
18978,1
18981,1
18985,1
18986,3
18987,2
18988,3
18989,0
18990,1
18991,3
18993,0
18994,1
18995,2
18998,2
19000,4
19001,2
19006,1
19008,1
19010,2
19011,3
19013,1
19015,2
19018,2
19023,2
19024,2
19026,0
19028,0
19029,1
19030,2
19031,2
19032,1
19033,3
19034,4
19038,0
19042,0
19045,1
19046,1
19048,2
19049,0
19053,0
19054,0
19056,3
19063,3
19064,3
19065,1
19067,4
19068,3
19070,1
19071,1
19072,0
19075,0
19076,4
19078,3
19083,3
19086,1
19090,1
19091,2
19092,0
19093,0
19095,2
19096,2
19097,3
19098,1
19099,3
19100,2
19101,0
19102,0
19106,2
19107,2
19113,3
19115,0
19116,0
19118,2
19119,3
19121,1
19122,2
19124,2
19125,1
19128,0
19134,4
19136,3
19137,2
19138,1
19140,0
19142,2
19143,3
19144,0
19146,3
19147,2
19148,2
19149,4
19152,3
19153,1
19154,0
19155,3
19158,2
19159,0
19162,1
19164,2
19165,1
19170,0
19171,1
19173,0
19174,0
19181,3
19182,0
19183,1
19184,0
19187,3
19188,3
19189,3
19192,3
19193,2
19195,3
19198,1
19199,4
19200,4
19202,3
19203,3
19206,4
19207,2
19208,2
19210,4
19211,2
19212,0
19213,3
19215,1
19218,4
19219,4
19221,1
19222,0
19225,1
19226,0
19227,0
19228,3
19230,2
19234,1
19235,2
19236,1
19237,3
19238,1
19240,4
19241,4
19242,0
19244,0
19245,1
19252,3
19255,2
19256,3
19257,0
19258,0
19260,1
19263,1
19265,3
19266,4
19267,2
19268,2
19271,1
19276,0
19281,3
19282,1
19285,0
19286,1
19287,1
19288,4
19289,1
19290,1
19291,1
19293,2
19300,1
19301,4
19303,0
19305,2
19309,4
19312,1
19314,0
19316,3
19317,2
19318,2
19319,3
19320,2
19322,2
19326,3
19327,2
19328,0
19330,4
19331,4
19336,2
19341,1
19342,2
19344,0
19346,2
19347,2
19351,1
19354,1
19355,3
19356,1
19357,4
19358,3
19362,0
19363,2
19364,3
19369,1
19372,3
19373,2
19375,2
19379,2
19382,3
19383,1
19386,0
19387,3
19388,0
19390,2
19391,3
19394,1
19395,2
19398,4
19399,1
19401,0
19406,2
19407,0
19408,1
19409,2
19410,4
19416,4
19417,3
19421,1
19422,1
19424,3
19426,1
19432,2
19433,0
19436,4
19438,3
19439,0
19440,3
19441,0
19442,4
19443,2
19444,4
19446,2
19447,4
19448,2
19452,2
19453,2
19454,2
19457,3
19458,2
19461,2
19463,1
19471,4
19472,0
19474,2
19478,3
19479,2
19480,1
19482,0
19483,3
19484,4
19490,0
19493,2
19494,4
19495,0
19500,4
19506,4
19508,1
19509,0
19511,2
19512,0
19516,3
19517,2
19518,1
19522,1
19525,3
19528,0
19530,1
19531,1
19532,3
19533,2
19534,1
19539,3
19540,2
19541,1
19542,1
19543,3
19544,0
19546,0
19551,3
19555,3
19560,4
19561,4
19563,0
19564,2
19565,1
19566,3
19569,0
19570,2
19571,0
19572,0
19573,2
19574,3
19575,2
19577,3
19583,3
19589,1
19590,2
19591,2
19592,3
19594,0
19595,0
19596,3
19597,2
19598,2
19600,4
19601,4
19603,3
19604,0
19606,2
19607,4
19608,0
19611,1
19614,3
19615,0
19617,1
19622,0
19623,0
19628,2
19630,3
19631,0
19634,1
19639,4
19640,4
19642,3
19643,2
19647,2
19649,0
19651,0
19652,0
19653,1
19654,4
19658,0
19660,0
19664,2
19666,2
19667,2
19670,1
19674,2
19676,2
19677,3
19678,1
19679,0
19680,1
19681,3
19683,3
19684,1
19688,4
19689,1
19690,1
19691,0
19692,1
19693,3
19694,4
19695,1
19697,3
19698,1
19700,0
19702,4
19704,0
19709,1
19710,0
19712,4
19713,2
19714,2
19717,0
19718,2
19719,4
19725,0
19727,0
19728,4
19732,3
19733,2
19734,1
19735,1
19737,0
19738,2
19740,3
19742,2
19743,1
19744,0
19745,2
19749,1
19753,4
19754,1
19755,3
19756,0
19757,4
19760,2
19761,3
19762,1
19763,3
19764,0
19765,4
19767,0
19769,1
19773,4
19774,2
19775,3
19777,3
19778,0
19779,0
19780,2
19782,4
19783,1
19784,2
19786,3
19794,3
19795,2
19796,0
19798,4
19799,3
19802,0
19805,2
19806,2
19807,2
19808,4
19809,1
19812,1
19814,0
19821,4
19825,0
19826,1
19829,1
19831,1
19832,2
19833,2
19837,0
19839,4
19840,3
19849,0
19851,0
19853,2
19854,1
19861,3
19862,4
19863,1
19868,2
19870,2
19872,1
19873,0
19875,4
19876,2
19877,0
19878,0
19882,2
19884,0
19885,2
19886,1
19887,1
19888,0
19890,3
19891,2
19896,4
19897,4
19898,4
19899,1
19901,0
19902,1
19904,3
19905,1
19906,2
19909,4
19910,2
19911,1
19916,0
19917,2
19919,2
19923,0
19925,2
19927,1
19931,3
19939,0
19942,2
19943,4
19944,3
19945,2
19946,2
19951,2
19953,2
19955,0
19957,2
19958,4
19960,1
19963,3
19965,3
19968,1
19969,2
19972,4
19973,2
19975,3
19977,0
19979,1
19982,2
19984,2
19989,2
19992,0
19997,3
19999,4
20000,0
20006,1
20009,4
20018,2
20021,0
20023,3
20025,2
20026,3
20031,1
20032,4
20033,1
20034,1
20036,1
20038,0
20039,1
20042,2
20046,2
20047,2
20049,0
20052,3
20053,2
20055,2
20058,3
20060,0
20061,1
20065,0
20066,2
20071,0
20073,1
20075,1
20076,1
20078,3
20079,3
20080,1
20087,3
20089,1
20093,1
20094,2
20098,2
20101,1
20104,2
20107,2
20108,1
20109,4
20111,1
20113,2
20114,0
20116,1
20123,1
20125,4
20127,2
20129,0
20132,2
20133,1
20134,0
20139,0
20141,3
20143,0
20144,3
20148,2
20149,1
20150,0
20151,0
20152,0
20154,0
20157,1
20158,2
20159,0
20162,1
20163,3
20164,3
20165,0
20167,0
20168,4
20173,4
20174,2
20175,1
20178,2
20179,1
20181,2
20182,0
20184,2
20186,2
20187,1
20193,2
20194,1
20198,2
20199,3
20201,4
20202,2
20206,3
20207,0
20208,3
20209,1
20212,4
20214,3
20215,2
20217,2
20220,2
20222,2
20223,2
20224,1
20226,0
20227,3
20229,0
20230,2
20232,2
20234,2
20236,0
20238,1
20239,1
20241,2
20243,1
20244,4
20252,1
20253,0
20255,3
20256,2
20259,0
20260,1
20261,4
20262,3
20263,3
20265,0
20269,3
20270,2
20274,3
20276,3
20279,3
20280,3
20281,1
20282,4
20283,4
20284,2
20286,0
20288,0
20290,1
20291,0
20292,3
20294,2
20296,1
20298,3
20299,3
20301,2
20302,4
20303,0
20306,0
20308,0
20309,3
20311,2
20313,2
20314,3
20315,0
20316,2
20318,3
20320,1
20322,3
20327,3
20328,4
20330,2
20331,2
20332,2
20333,4
20336,2
20337,1
20341,0
20342,2
20343,1
20346,0
20348,1
20349,0
20350,4
20351,1
20352,1
20357,1
20360,1
20361,3
20362,2
20363,3
20364,0
20365,1
20366,2
20367,1
20369,4
20370,2
20374,4
20377,3
20378,2
20380,2
20385,2
20387,4
20388,3
20389,0
20391,1
20392,1
20397,2
20399,0
20401,4
20403,0
20407,1
20408,0
20409,1
20410,2
20411,3
20412,4
20414,0
20416,3
20418,0
20423,0
20432,2
20435,1
20437,0
20438,0
20440,3
20444,4
20445,1
20446,1
20448,2
20449,4
20450,2
20453,3
20454,1
20455,1
20458,4
20461,4
20462,2
20463,1
20466,0
20467,2
20469,2
20473,0
20478,1
20479,3
20480,1
20482,3
20483,2
20486,1
20487,1
20488,3
20489,1
20491,1
20492,2
20493,0
20494,3
20496,3
20498,3
20501,0
20503,2
20506,3
20507,3
20508,1
20509,4
20511,0
20512,1
20513,3
20514,0
20516,3
20518,1
20519,0
20521,4
20526,1
20528,3
20530,2
20533,0
20535,3
20539,4
20540,1
20542,0
20543,0
20544,0
20545,3
20546,4
20548,4
20549,2
20550,1
20551,3
20554,1
20556,2
20558,2
20561,1
20562,2
20565,0
20566,2
20567,2
20568,0
20569,4
20570,4
20572,1
20573,0
20574,0
20579,0
20580,4
20581,2
20585,0
20586,2
20587,1
20589,1
20590,1
20592,0
20594,1
20597,1
20601,3
20603,3
20604,0
20605,0
20606,2
20607,1
20608,3
20609,0
20610,2
20612,2
20614,3
20615,4
20617,1
20621,0
20622,1
20623,1
20627,3
20628,0
20630,3
20631,2
20632,0
20633,2
20634,1
20635,3
20636,2
20637,0
20638,0
20639,0
20641,2
20642,2
20644,1
20647,0
20648,2
20650,3
20651,2
20652,4
20653,0
20654,2
20657,0
20659,2
20660,1
20661,1
20662,4
20664,2
20666,1
20667,0
20669,4
20671,0
20674,2
20680,0
20681,0
20682,1
20684,2
20685,0
20689,1
20690,2
20691,0
20692,1
20694,0
20697,0
20699,3
20701,4
20704,1
20708,2
20710,2
20713,3
20714,2
20715,1
20716,1
20717,2
20718,0
20719,3
20720,0
20725,1
20727,1
20730,0
20731,1
20732,1
20733,3
20735,3
20740,1
20742,4
20743,3
20745,0
20747,0
20748,0
20750,4
20751,2
20752,0
20753,1
20754,1
20757,3
20758,3
20759,1
20760,2
20761,3
20763,3
20765,3
20767,1
20768,0
20770,3
20771,2
20774,0
20775,0
20777,3
20781,0
20783,2
20785,1
20786,1
20791,4
20792,2
20794,3
20795,3
20796,2
20801,2
20802,0
20803,0
20808,0
20812,1
20813,2
20814,4
20819,1
20820,0
20821,2
20823,1
20826,1
20828,3
20830,0
20832,3
20837,1
20838,2
20844,1
20845,1
20846,0
20847,3
20848,0
20849,1
20850,2
20851,1
20852,1
20853,1
20855,2
20856,3
20859,1
20860,3
20861,1
20862,2
20863,0
20865,0
20868,0
20876,1
20877,1
20880,2
20881,2
20882,4
20883,1
20885,3
20887,3
20894,3
20895,1
20899,3
20901,0
20902,3
20903,2
20905,2
20907,2
20909,0
20910,4
20912,3
20913,1
20915,4
20916,0
20919,1
20920,0
20923,2
20925,4
20927,3
20928,0
20933,1
20935,1
20937,2
20939,1
20940,1
20942,4
20943,0
20945,3
20947,0
20953,3
20954,3
20955,2
20957,3
20970,4
20972,2
20975,2
20977,3
20980,1
20982,2
20984,2
20987,0
20989,1
20992,0
20993,3
20994,1
20996,3
20997,1
20998,0
20999,0
21002,1
21005,1
21006,2
21009,4
21011,4
21013,4
21015,4
21017,3
21019,2
21021,3
21023,1
21024,1
21026,2
21027,0
21033,3
21034,0
21035,2
21037,0
21040,4
21046,2
21048,2
21050,4
21051,1
21053,4
21055,4
21056,0
21061,0
21062,2
21064,2
21067,2
21068,3
21069,4
21071,0
21074,1
21075,1
21077,3
21079,0
21080,0
21088,2
21089,3
21091,0
21092,2
21093,2
21095,1
21096,1
21097,3
21099,3
21101,4
21102,0
21103,0
21110,4
21112,1
21116,1
21119,0
21123,2
21126,2
21129,2
21132,4
21133,0
21134,2
21136,4
21140,1
21142,0
21143,4
21144,1
21146,0
21147,3
21149,0
21152,0
21153,3
21154,3
21155,0
21156,3
21158,2
21159,1
21160,4
21161,2
21163,4
21165,1
21166,1
21168,1
21169,0
21171,0
21172,1
21177,1
21178,3
21179,1
21180,2
21183,2
21184,4
21186,2
21187,1
21188,2
21192,2
21193,1
21194,1
21197,3
21198,3
21202,0
21203,0
21205,3
21206,0
21207,1
21213,2
21214,0
21215,2
21216,1
21217,2
21218,1
21222,4
21223,1
21225,4
21227,1
21229,2
21232,3
21233,3
21235,2
21236,3
21237,0
21241,0
21242,4
21244,1
21246,2
21249,0
21250,2
21255,3
21256,2
21257,4
21259,0
21261,0
21265,2
21266,4
21268,1
21269,3
21271,4
21274,0
21278,1
21283,2
21284,2
21285,2
21286,0
21289,2
21290,3
21291,4
21292,3
21298,1
21299,3
21301,3
21302,2
21306,1
21307,0
21311,0
21314,3
21315,4
21316,2
21317,2
21319,1
21320,0
21321,4
21322,2
21325,1
21326,3
21329,1
21330,0
21332,3
21334,0
21337,0
21339,3
21341,4
21346,4
21347,1
21355,2
21356,0
21359,2
21365,2
21367,1
21368,0
21369,1
21370,0
21371,1
21372,0
21373,4
21375,0
21376,3
21377,0
21378,2
21379,0
21380,3
21381,2
21386,0
21393,3
21396,3
21399,0
21402,0
21404,3
21408,0
21409,4
21410,3
21411,1
21412,3
21414,2
21415,4
21416,4
21417,0
21419,2
21420,2
21421,2
21422,3
21423,1
21424,4
21427,3
21428,1
21429,2
21432,1
21433,2
21434,0
21436,4
21438,4
21440,3
21443,0
21444,0
21445,1
21447,1
21449,1
21452,0
21455,4
21456,0
21457,2
21460,3
21461,2
21464,1
21466,4
21467,2
21468,2
21469,2
21474,2
21477,3
21479,0
21480,0
21483,0
21487,0
21488,0
21489,0
21491,3
21492,2
21493,2
21495,3
21496,3
21497,1
21500,2
21502,1
21504,3
21505,0
21507,0
21509,1
21510,3
21512,2
21520,2
21522,3
21524,2
21527,3
21528,0
21529,2
21530,1
21533,1
21535,3
21536,0
21537,0
21540,0
21547,3
21548,4
21549,3
21550,2
21552,2
21556,4
21559,0
21560,0
21561,3
21562,3
21564,1
21565,3
21566,4
21568,2
21570,1
21571,1
21572,1
21575,0
21576,3
21577,3
21583,0
21584,0
21585,0
21588,4
21592,2
21593,1
21594,0
21598,0
21599,2
21601,1
21603,0
21605,1
21606,3
21607,0
21608,1
21610,2
21611,0
21612,3
21613,1
21615,1
21617,2
21619,2
21620,3
21624,1
21625,0
21629,1
21630,0
21631,4
21633,2
21637,0
21640,4
21641,2
21642,0
21644,1
21645,4
21647,2
21649,4
21650,0
21651,3
21652,2
21653,2
21655,2
21657,4
21659,3
21660,2
21661,0
21662,0
21663,1
21665,2
21666,0
21667,1
21671,3
21673,4
21679,2
21682,2
21685,0
21687,1
21691,1
21696,4
21698,1
21699,1
21702,3
21707,0
21708,3
21709,3
21711,0
21712,3
21713,1
21714,1
21715,4
21719,0
21725,3
21729,0
21731,2
21732,3
21733,2
21735,2
21736,1
21738,1
21739,2
21743,3
21744,1
21745,1
21752,1
21754,4
21755,4
21758,4
21759,0
21763,0
21768,3
21769,0
21770,1
21773,1
21774,2
21776,1
21778,0
21781,0
21785,2
21788,4
21789,4
21796,3
21797,0
21799,0
21801,3
21802,2
21806,2
21807,4
21808,1
21809,4
21810,2
21813,0
21816,2
21818,0
21819,4
21820,3
21821,0
21822,0
21824,1
21825,3
21827,1
21828,3
21831,1
21832,2
21833,0
21837,4
21838,1
21839,4
21841,4
21842,2
21844,2
21845,2
21847,1
21848,1
21849,2
21850,0
21851,3
21853,1
21854,1
21855,4
21856,0
21857,0
21858,4
21860,1
21861,0
21862,0
21866,2
21867,0
21868,2
21869,3
21870,0
21871,0
21875,1
21876,4
21877,2
21878,4
21879,4
21881,3
21882,1
21883,1
21885,1
21887,2
21888,3
21889,1
21890,1
21892,0
21894,2
21895,4
21900,1
21901,1
21906,1
21907,3
21909,2
21910,1
21913,4
21914,2
21915,0
21917,3
21918,1
21921,0
21922,3
21923,2
21926,1
21929,1
21930,2
21933,0
21934,2
21935,1
21936,1
21938,3
21939,0
21940,0
21944,1
21947,1
21954,4
21955,4
21956,2
21958,0
21959,0
21961,2
21962,0
21963,2
21965,2
21968,2
21969,0
21970,2
21972,1
21973,1
21977,0
21978,3
21979,0
21983,1
21986,4
21989,4
21992,1
21995,1
22000,0
22002,0
22003,2
22004,1
22005,4
22007,2
22012,3
22013,2
22015,2
22017,4
22020,3
22027,3
22029,1
22031,3
22033,2
22034,1
22035,2
22036,4
22039,1
22040,3
22043,3
22044,3
22049,2
22051,0
22052,0
22053,0
22054,3
22055,1
22057,1
22058,3
22059,3
22060,3
22063,3
22068,3
22069,4
22070,0
22071,4
22079,1
22081,2
22083,2
22084,0
22085,2
22087,2
22088,4
22090,2
22091,0
22092,4
22094,3
22097,2
22099,0
22101,0
22102,1
22105,1
22106,3
22111,2
22115,4
22116,1
22118,0
22121,3
22122,0
22123,3
22124,1
22126,2
22129,0
22130,0
22133,1
22139,0
22141,1
22142,0
22144,0
22146,2
22147,0
22149,3
22156,1
22160,1
22161,2
22162,1
22164,3
22167,2
22169,2
22171,2
22172,3
22173,2
22176,3
22177,3
22178,1
22179,1
22180,4
22182,2
22183,0
22186,4
22188,0
22190,0
22193,3
22195,0
22196,3
22199,3
22202,2
22205,1
22206,3
22207,2
22209,1
22210,1
22211,1
22212,1
22216,1
22218,3
22219,0
22220,1
22222,3
22223,0
22224,3
22225,2
22227,4
22229,1
22231,1
22232,3
22233,3
22235,0
22237,2
22238,2
22239,3
22240,1
22242,3
22246,4
22251,2
22253,0
22255,1
22256,1
22257,0
22258,0
22262,2
22264,0
22266,0
22267,3
22268,2
22269,3
22270,0
22271,4
22274,0
22276,3
22277,0
22278,2
22279,3
22280,1
22281,4
22282,2
22283,2
22285,4
22287,3
22289,3
22290,4
22292,0
22296,1
22297,0
22298,1
22299,3
22300,2
22303,3
22307,0
22311,0
22312,1
22313,0
22314,3
22315,2
22318,1
22319,0
22324,1
22327,0
22329,1
22330,2
22331,0
22332,1
22334,0
22337,0
22338,2
22339,0
22341,2
22347,0
22348,3
22351,1
22352,3
22355,2
22359,3
22362,0
22363,1
22364,3
22368,1
22373,0
22374,1
22377,1
22380,3
22381,3
22387,1
22389,3
22390,0
22394,2
22397,1
22398,2
22403,1
22404,2
22405,1
22406,0
22408,3
22410,1
22411,1
22412,1
22416,4
22418,3
22419,4
22420,4
22421,1
22422,1
22424,4
22427,3
22431,1
22432,2
22433,2
22435,1
22437,4
22441,4
22442,1
22446,0
22447,3
22448,2
22450,3
22451,1
22452,0
22454,3
22456,0
22457,2
22459,1
22461,2
22465,3
22466,3
22467,0
22468,2
22473,1
22474,4
22482,2
22485,4
22486,0
22487,0
22491,0
22492,2
22495,0
22501,2
22502,1
22503,2
22506,3
22510,3
22512,1
22513,3
22514,0
22515,0
22518,4
22522,0
22523,1
22524,3
22525,2
22528,2
22529,3
22536,0
22537,1
22538,1
22541,4
22548,2
22551,0
22552,1
22553,2
22554,0
22555,0
22557,1
22558,2
22559,3
22560,3
22562,2
22569,2
22576,0
22578,1
22579,4
22580,4
22582,2
22584,3
22588,1
22589,4
22594,2
22595,3
22598,0
22600,1
22604,0
22608,2
22609,0
22613,1
22615,4
22616,0
22618,3
22619,3
22620,1
22621,0
22622,1
22628,2
22629,2
22634,2
22635,0
22636,2
22639,0
22641,1
22644,3
22645,1
22646,2
22648,1
22650,2
22651,2
22653,0
22654,0
22655,1
22656,3
22664,0
22665,2
22666,1
22667,3
22669,4
22670,1
22671,0
22673,3
22676,0
22679,2
22681,0
22685,0
22694,0
22695,2
22696,3
22699,1
22709,1
22711,2
22714,3
22716,1
22717,0
22721,1
22725,2
22726,0
22727,0
22730,4
22731,3
22735,0
22736,0
22739,2
22740,0
22741,3
22743,1
22746,1
22748,3
22749,3
22751,2
22756,3
22758,4
22759,0
22761,3
22762,0
22763,3
22765,3
22766,3
22768,0
22770,1
22772,1
22773,3
22775,2
22776,3
22780,2
22783,1
22784,0
22787,4
22791,0
22792,2
22793,2
22795,2
22797,4
22799,1
22801,2
22803,1
22810,0
22814,2
22816,2
22820,3
22821,2
22823,0
22824,4
22825,0
22828,1
22829,2
22830,2
22831,3
22833,2
22834,2
22835,0
22837,0
22840,0
22841,1
22843,0
22844,0
22847,2
22848,4
22849,2
22850,0
22852,1
22855,0
22856,1
22859,1
22866,1
22867,3
22869,1
22870,4
22871,4
22879,2
22880,3
22885,4
22886,0
22889,4
22893,3
22894,4
22896,3
22899,3
22901,3
22905,1
22907,0
22909,3
22910,3
22913,2
22914,0
22922,2
22926,4
22935,3
22937,3
22939,3
22942,4
22943,1
22944,2
22945,0
22947,1
22948,3
22950,0
22952,1
22954,0
22955,3
22956,4
22959,0
22960,2
22961,3
22962,3
22968,0
22971,4
22972,1
22978,1
22981,0
22983,0
22984,0
22985,0
22986,3
22989,0
22990,1
22993,1
22994,0
22997,1
22999,0
23000,1
23002,0
23004,1
23005,1
23006,2
23011,1
23013,0
23016,3
23018,0
23019,3
23020,2
23024,1
23028,4
23029,3
23031,4
23032,2
23035,0
23037,0
23038,4
23040,1
23042,3
23044,1
23045,3
23046,1
23047,0
23048,2
23049,1
23050,2
23051,4
23052,4
23053,2
23054,1
23058,3
23060,2
23062,2
23063,1
23064,2
23066,0
23068,3
23069,1
23071,2
23077,2
23079,0
23082,2
23083,3
23084,3
23087,2
23088,4
23093,1
23096,2
23098,2
23100,0
23102,2
23103,3
23105,1
23106,4
23107,2
23109,1
23110,4
23114,0
23115,0
23120,0
23126,1
23127,0
23128,2
23131,2
23132,1
23133,1
23136,4
23139,1
23141,1
23142,3
23146,1
23149,1
23155,3
23157,1
23159,1
23160,1
23161,4
23163,4
23164,4
23166,1
23169,0
23171,4
23172,3
23175,3
23176,2
23177,2
23178,0
23179,0
23181,2
23182,0
23183,3
23184,0
23190,0
23191,3
23192,3
23194,1
23195,3
23197,0
23198,3
23199,0
23200,0
23202,0
23204,1
23206,1
23207,4
23208,1
23212,4
23213,1
23214,0
23215,2
23217,0
23218,1
23219,2
23221,2
23222,3
23223,4
23225,2
23226,3
23227,2
23228,2
23230,0
23233,3
23235,2
23236,2
23241,3
23242,2
23254,3
23258,2
23259,3
23262,0
23264,2
23269,0
23271,0
23276,2
23280,1
23281,2
23282,0
23286,4
23287,2
23290,0
23292,1
23293,4
23294,1
23303,0
23305,1
23309,0
23310,3
23312,0
23315,1
23318,0
23320,1
23323,4
23324,3
23326,1
23327,3
23329,2
23330,0
23334,1
23335,3
23345,2
23350,2
23351,3
23352,0
23356,3
23357,2
23358,2
23359,2
23361,1
23362,2
23365,2
23370,2
23372,1
23373,4
23376,0
23378,2
23380,1
23381,2
23385,1
23386,2
23387,1
23390,0
23391,0
23392,0
23394,2
23395,4
23397,1
23398,2
23400,4
23401,3
23404,0
23406,3
23408,4
23410,1
23413,0
23414,2
23416,2
23418,3
23419,1
23422,2
23425,0
23428,0
23429,1
23431,3
23432,3
23433,3
23434,2
23438,0
23440,1
23441,1
23447,3
23448,4
23449,3
23452,3
23453,1
23456,2
23457,2
23458,3
23464,2
23469,3
23470,2
23471,0
23472,1
23473,2
23477,2
23478,1
23480,1
23484,0
23486,1
23488,4
23489,1
23490,4
23492,2
23495,2
23498,1
23499,0
23501,1
23502,4
23504,3
23505,2
23506,1
23507,0
23509,4
23512,4
23514,0
23515,4
23516,1
23518,4
23521,2
23524,1
23525,0
23526,0
23527,2
23528,4
23529,1
23531,3
23532,2
23533,4
23534,4
23535,0
23536,2
23537,2
23541,3
23542,0
23543,2
23544,3
23547,2
23548,0
23549,1
23556,4
23557,0
23561,0
23564,2
23567,0
23568,2
23570,2
23577,4
23580,3
23581,1
23583,3
23584,4
23589,1
23590,3
23591,4
23592,1
23593,1
23595,3
23596,2
23599,2
23600,1
23602,3
23604,1
23607,1
23608,3
23609,4
23610,1
23613,1
23619,2
23621,4
23623,0
23625,4
23627,1
23628,0
23629,1
23630,2
23631,3
23633,2
23634,3
23635,0
23636,2
23639,1
23641,0
23642,0
23646,0
23647,2
23649,1
23651,0
23652,4
23654,2
23655,1
23656,4
23658,1
23659,2
23660,3
23662,3
23664,1
23666,0
23669,1
23670,3
23671,0
23672,2
23675,0
23676,1
23677,0
23678,0
23683,3
23688,4
23689,2
23691,2
23692,1
23694,0
23695,2
23697,2
23701,4
23704,3
23705,1
23706,4
23707,0
23711,2
23715,2
23717,3
23721,3
23722,3
23723,0
23724,2
23730,1
23732,3
23733,1
23735,2
23737,2
23739,1
23741,0
23742,3
23744,2
23745,1
23749,1
23750,2
23754,4
23755,4
23756,0
23757,3
23761,0
23762,0
23764,2
23768,1
23769,4
23770,2
23771,2
23772,0
23774,1
23778,1
23779,1
23780,3
23781,0
23785,2
23786,2
23788,4
23789,4
23790,2
23793,1
23801,3
23802,0
23805,0
23808,0
23809,1
23811,0
23812,4
23813,2
23814,3
23819,2
23820,0
23821,0
23823,2
23829,0
23832,3
23833,0
23836,2
23839,0
23840,0
23842,3
23843,4
23846,1
23847,0
23850,0
23851,2
23854,1
23857,0
23858,2
23859,3
23861,3
23862,2
23863,1
23866,1
23868,1
23870,3
23871,3
23872,4
23878,3
23881,3
23885,1
23886,4
23887,1
23890,3
23891,3
23892,2
23896,3
23902,1
23903,0
23907,4
23910,2
23912,0
23915,2
23918,1
23919,3
23920,2
23921,0
23923,1
23924,2
23925,4
23926,1
23927,2
23930,0
23931,0
23935,1
23937,3
23941,4
23947,0
23949,4
23950,3
23956,3
23958,0
23960,4
23961,2
23962,0
23965,0
23966,1
23967,2
23968,2
23971,4
23972,2
23975,0
23976,2
23978,2
23979,1
23980,4
23981,4
23985,1
23986,3
23990,3
23991,4
23992,3
23994,1
23995,3
23997,0
24000,1
24002,1
24003,1
24004,4
24008,3
24010,3
24011,0
24012,2
24013,1
24014,1
24016,3
24017,4
24019,4
24020,3
24024,2
24028,3
24029,4
24034,3
24037,4
24039,1
24040,3
24043,0
24044,2
24045,2
24046,0
24047,1
24052,1
24053,3
24057,1
24058,2
24060,1
24061,3
24063,2
24064,0
24065,0
24066,1
24068,1
24069,1
24070,0
24071,4
24073,3
24074,2
24075,4
24076,3
24081,2
24082,3
24084,1
24085,2
24091,2
24094,0
24098,4
24100,1
24102,0
24103,1
24105,0
24106,0
24109,4
24110,1
24111,4
24114,0
24115,0
24116,4
24117,4
24120,1
24122,4
24126,2
24127,1
24130,0
24131,1
24133,3
24134,2
24135,0
24136,2
24137,1
24140,0
24146,1
24147,2
24149,3
24150,1
24152,2
24155,4
24157,3
24159,0
24160,2
24161,1
24163,1
24164,2
24167,0
24168,0
24169,3
24171,3
24173,2
24179,4
24180,3
24181,3
24182,0
24183,2
24184,0
24185,0
24186,1
24188,2
24193,0
24194,1
24200,0
24201,1
24206,2
24209,0
24210,4
24211,3
24213,4
24214,0
24215,0
24216,3
24217,0
24219,4
24222,0
24224,4
24225,2
24227,0
24228,0
24233,0
24234,3
24236,4
24237,3
24238,0
24239,3
24240,3
24244,2
24250,1
24251,0
24253,2
24256,2
24258,1
24261,0
24262,4
24265,3
24266,3
24267,0
24268,2
24269,0
24280,0
24282,2
24283,1
24284,2
24285,1
24286,1
24287,4
24290,2
24291,4
24292,1
24294,3
24297,2
24298,0
24299,0
24302,2
24306,3
24307,1
24309,0
24316,0
24318,3
24319,2
24320,1
24321,1
24322,4
24324,4
24328,2
24330,1
24332,0
24333,1
24334,1
24336,2
24340,2
24341,0
24343,1
24345,4
24347,3
24348,1
24349,1
24352,3
24358,4
24362,2
24365,1
24367,0
24372,0
24374,3
24376,3
24378,3
24380,1
24382,1
24385,2
24386,2
24387,1
24388,0
24389,4
24391,0
24394,0
24399,1
24401,2
24402,2
24403,1
24406,0
24407,1
24410,2
24413,0
24417,0
24418,4
24421,3
24422,2
24424,3
24425,3
24426,0
24427,1
24431,0
24432,1
24433,0
24434,3
24436,1
24437,1
24438,4
24440,1
24441,1
24443,3
24445,0
24447,0
24449,2
24450,0
24451,1
24454,0
24455,2
24457,2
24459,2
24461,2
24462,4
24463,3
24465,1
24467,1
24469,0
24473,0
24474,1
24478,2
24480,2
24482,2
24483,1
24484,4
24485,3
24486,3
24488,1
24489,3
24490,0
24491,1
24492,0
24497,3
24498,1
24499,1
24500,2
24501,3
24502,1
24505,0
24507,3
24508,1
24517,3
24519,2
24522,3
24524,1
24525,2
24526,1
24527,1
24532,4
24533,1
24539,2
24542,0
24543,0
24544,3
24547,0
24548,1
24549,3
24551,2
24552,4
24553,0
24555,0
24556,3
24557,4
24559,3
24560,3
24562,4
24564,4
24565,4
24566,0
24567,1
24568,3
24569,2
24570,4
24571,3
24574,2
24575,0
24576,1
24578,1
24580,0
24581,3
24583,0
24584,4
24591,4
24592,4
24593,2
24594,1
24596,4
24598,3
24601,3
24602,1
24605,1
24609,1
24611,3
24615,1
24616,1
24617,3
24619,1
24620,3
24623,3
24624,3
24626,3
24628,3
24634,2
24637,1
24641,1
24642,1
24643,4
24646,4
24648,0
24652,2
24653,4
24656,4
24657,2
24660,3
24662,2
24663,3
24664,1
24665,3
24666,1
24668,2
24669,0
24671,1
24672,3
24673,0
24674,4
24680,0
24681,0
24682,1
24683,2
24685,1
24686,2
24687,4
24688,3
24691,0
24692,0
24694,4
24695,4
24696,0
24698,2
24701,2
24707,1
24711,0
24713,1
24715,1
24716,2
24718,0
24720,2
24721,3
24722,0
24726,3
24727,0
24729,1
24732,1
24735,4
24736,2
24737,4
24738,4
24740,3
24741,2
24744,0
24749,3
24751,2
24752,1
24754,0
24755,4
24756,1
24758,1
24759,4
24760,1
24761,0
24762,0
24765,1
24767,4
24769,1
24770,2
24773,4
24774,1
24776,0
24777,0
24778,2
24785,4
24786,3
24787,1
24789,3
24790,1
24791,2
24792,3
24793,1
24794,3
24798,3
24801,4
24803,2
24805,2
24806,1
24808,2
24809,2
24810,4
24814,0
24820,2
24821,2
24823,3
24824,1
24825,2
24827,2
24829,0
24832,2
24833,2
24834,2
24837,1
24838,3
24843,2
24844,2
24849,4
24854,2
24855,1
24856,3
24861,1
24863,4
24864,3
24865,2
24868,2
24872,3
24875,0
24877,4
24878,4
24879,3
24886,2
24889,3
24890,4
24891,3
24892,3
24896,1
24899,3
24900,1
24901,0
24902,0
24903,3
24904,1
24906,3
24907,4
24908,4
24911,4
24913,3
24916,0
24918,0
24919,2
24923,2
24925,4
24928,2
24929,0
24930,2
24933,0
24936,3
24937,4
24939,3
24942,1
24943,3
24946,0
24949,3
24951,2
24952,3
24959,4
24960,1
24961,1
24962,2
24963,1
24965,3
24966,2
24967,1
24969,0
24970,0
24971,2
24976,2
24979,1
24980,2
24982,2
24983,3
24984,3
24987,3
24988,3
24989,1
24990,4
24992,3
24993,3
24995,1
24996,0
24997,0
24998,2
24999,4
25001,1
25003,1
25004,3
25007,0
25009,0
25010,3
25011,3
25012,1
25018,1
25020,4
25021,2
25023,0
25024,1
25026,3
25027,2
25029,4
25030,1
25033,1
25036,3
25038,3
25045,1
25046,3
25047,1
25048,2
25053,1
25054,3
25055,4
25056,2
25057,2
25063,2
25064,4
25065,2
25066,2
25067,2
25070,1
25072,2
25075,2
25076,1
25078,1
25084,3
25085,0
25087,1
25092,3
25096,2
25098,3
25099,1
25100,1
25101,0
25103,2
25104,1
25105,0
25112,2
25116,2
25117,3
25119,4
25122,3
25123,2
25127,4
25129,0
25130,0
25132,2
25133,2
25135,3
25136,3
25138,1
25140,0
25143,4
25147,1
25148,2
25150,0
25153,0
25154,3
25156,2
25157,1
25159,0
25160,4
25162,0
25163,0
25164,0
25166,2
25167,4
25168,4
25169,1
25172,3
25177,2
25179,0
25182,0
25183,3
25186,1
25194,2
25199,4
25202,3
25207,2
25208,4
25210,1
25211,1
25213,2
25215,2
25217,1
25219,2
25220,3
25223,3
25228,3
25229,0
25232,2
25233,0
25235,2
25236,4
25238,1
25244,0
25246,1
25247,0
25251,0
25252,0
25255,0
25256,4
25258,1
25259,2
25260,2
25261,1
25263,4
25265,1
25267,1
25271,2
25278,1
25281,1
25282,3
25284,3
25287,1
25290,0
25293,0
25295,0
25297,0
25298,1
25300,0
25302,4
25303,4
25304,0
25305,1
25306,2
25307,3
25309,3
25312,0
25315,3
25317,2
25318,0
25319,4
25320,3
25321,2
25322,0
25323,0
25325,1
25326,0
25327,0
25328,4
25330,0
25331,2
25334,3
25335,2
25336,4
25337,3
25338,1
25339,1
25341,1
25345,4
25347,3
25348,3
25350,1
25353,1
25355,0
25358,4
25362,4
25363,0
25365,3
25372,1
25373,1
25374,0
25375,0
25378,4
25379,3
25380,0
25382,2
25383,3
25386,2
25387,0
25389,0
25390,3
25392,3
25393,0
25394,3
25395,0
25400,3
25401,0
25402,1
25404,3
25406,3
25410,2
25412,4
25413,3
25414,2
25415,0
25418,2
25420,0
25421,2
25422,2
25423,3
25424,1
25426,0
25429,3
25430,4
25431,2
25433,0
25436,4
25437,2
25444,3
25445,3
25449,0
25456,1
25460,0
25463,3
25464,2
25465,3
25467,2
25468,3
25471,4
25472,0
25477,1
25478,3
25480,0
25482,4
25483,3
25484,1
25488,3
25489,0
25490,2
25491,0
25492,2
25494,2
25496,2
25497,3
25498,0
25499,2
25500,2
25503,3
25505,3
25507,3
25508,2
25509,0
25511,0
25512,2
25514,2
25516,1
25526,4
25527,3
25528,1
25530,3
25531,3
25533,2
25534,1
25535,0
25538,1
25540,0
25541,4
25542,3
25545,1
25546,0
25547,4
25548,3
25554,2
25555,2
25557,1
